,Equity_LargeCap,Equity_MidCap,Equity_SmallCap,International_Equity,Debt_ShortTerm,Gold,Silver,REIT,Fixed_Deposit
2003-12-12,,,,,,,0.026801930509541272,,0.0012117874518382532
2003-12-19,,,,,,,0.017787246667547052,,0.0012117874518382532
2003-12-26,,,,,,,0.01058111970920117,,0.0012117874518382532
2004-01-02,,,,,,,0.03192520863490933,,0.0012117874518382532
2004-01-09,,,,,,,0.08508396978662924,,0.0012117874518382532
2004-01-16,,,,,,,-0.0256938596556735,,0.0012117874518382532
2004-01-23,,,,,,,0.003423415902992444,,0.0012117874518382532
2004-01-30,,,,,,,-0.022365422358220588,,0.0012117874518382532
2004-02-06,,,,,,,0.008304004482875493,,0.0012117874518382532
2004-02-13,,,,,,,0.05294936061004529,,0.0012117874518382532
2004-02-20,,,,,,,-0.0116270786953383,,0.0012117874518382532
2004-02-27,,,,,,,0.02598858531163062,,0.0012117874518382532
2004-03-05,,,,,,,0.04242428309880375,,0.0012117874518382532
2004-03-12,,,,,,,0.009602641211757357,,0.0012117874518382532
2004-03-19,,,,,,,0.06899155171112814,,0.0012117874518382532
2004-03-26,,,,,,,0.00725895019204037,,0.0012117874518382532
2004-04-02,,,,,,,0.038006316959558806,,0.0012117874518382532
2004-04-09,,,,,,,-0.011462893699123677,,0.0012117874518382532
2004-04-16,,,,,,,-0.11274403206242656,,0.0012117874518382532
2004-04-23,,,,,,,-0.13004025584862688,,0.0012117874518382532
2004-04-30,,,,,,,-0.00907533337079125,,0.0012117874518382532
2004-05-07,,,,,,,-0.07532522333395386,,0.0012117874518382532
2004-05-14,,,,,,,0.043133532887220216,,0.0012117874518382532
2004-05-21,,,,,,,0.02055260002313397,,0.0012117874518382532
2004-05-28,,,,,,,0.04357994662685072,,0.0012117874518382532
2004-06-04,,,,,,,-0.05450462565625025,,0.0012117874518382532
2004-06-11,,,,,,,-0.011357314478137925,,0.0012117874518382532
2004-06-18,,,,,,,0.053089283828096745,,0.0012117874518382532
2004-06-25,,,,,,,0.028036786712968498,,0.0012117874518382532
2004-07-02,,,,,,,-0.02272815184746435,,0.0012117874518382532
2004-07-09,,,,,,,0.07759407961330433,,0.0012117874518382532
2004-07-16,,,,,,,0.04978178248655474,,0.0012117874518382532
2004-07-23,,,,,,,-0.05572323174008609,,0.0012117874518382532
2004-07-30,,,,,,,0.03710640088102335,,0.0012117874518382532
2004-08-06,,,,,,,0.0317448426431568,,0.0012117874518382532
2004-08-13,,,,,,,-0.021319578999073108,,0.0012117874518382532
2004-08-20,,,,,,,0.03718143732433399,,0.0012117874518382532
2004-08-27,,,,,,,-0.040074117381407426,,0.0012117874518382532
2004-09-03,,,,,,,-0.005291162018618234,,0.0012117874518382532
2004-09-10,,,,,,,-0.066177999178204,,0.0012117874518382532
2004-09-17,,,,,,,0.013044305016606472,,0.0012117874518382532
2004-09-24,,,,,,,0.024689793584625752,,0.0012117874518382532
2004-10-01,,,,,,,0.08266148477959101,,0.0012117874518382532
2004-10-08,,,,,,,0.04417815788354518,,0.0012117874518382532
2004-10-15,,,,,,,-0.022759932817134176,,0.0012117874518382532
2004-10-22,,,,,,,0.028247064574726588,,0.0012117874518382532
2004-10-29,,,,,,,-0.009565675924806172,,0.0012117874518382532
2004-11-05,,,,,,,0.019377531408417026,,0.0012117874518382532
2004-11-12,,,,,,,0.01811315392250612,,0.0012117874518382532
2004-11-19,,,,,,,-0.004357656448976344,,0.0012117874518382532
2004-11-26,,,,,,,0.002487308540116917,,0.0012117874518382532
2004-12-03,,,,,,,0.027738319254461796,,0.0012117874518382532
2004-12-10,,,,,,,-0.15031136217279384,,0.0012117874518382532
2004-12-17,,,,,,,-0.006197502439080016,,0.0012117874518382532
2004-12-24,,,,,,,0.010131874990756184,,0.0012117874518382532
2004-12-31,,,,,,,-0.009544259801197552,,0.0012117874518382532
2005-01-07,,,,,,,-0.051745201031718646,,0.0012117874518382532
2005-01-14,,,,,,,0.015991922903513922,,0.0012117874518382532
2005-01-21,,,,,,,0.03274126789955134,,0.0012117874518382532
2005-01-28,,,,,,,0.0005751641957045805,,0.0012117874518382532
2005-02-04,,,,,,,-0.030612910748824107,,0.0012117874518382532
2005-02-11,,,,,,,0.0967610173659863,,0.0012117874518382532
2005-02-18,,,,,,,0.02873333537371847,,0.0012117874518382532
2005-02-25,,,,,,,-0.017832102927202276,,0.0012117874518382532
2005-03-04,,,,,,,0.007446310503218534,,0.0012117874518382532
2005-03-11,,,,,,,0.0215911405342728,,0.0012117874518382532
2005-03-18,,,,,,,-0.017788773819753967,,0.0012117874518382532
2005-03-25,,,,,,,-0.05824482603730741,,0.0012117874518382532
2005-04-01,,,,,,,0.004756083542471812,,0.0012117874518382532
2005-04-08,,,0.011390014648437585,,,,0.02825606840404915,,0.0012117874518382532
2005-04-15,,,-0.02695301453524901,,,,-0.01891398893617613,,0.0012117874518382532
2005-04-22,,,0.027760567393199098,,,,0.03396367485049412,,0.0012117874518382532
2005-04-29,,,-0.017242574750037654,,,,-0.055755903456532696,,0.0012117874518382532
2005-05-06,,,0.035593207850245445,,,,0.0084052416726339,,0.0012117874518382532
2005-05-13,,,0.058014911601333985,,,,-0.004571823211962922,,0.0012117874518382532
2005-05-20,,,0.02023674317464419,,,,-0.0002635540012178028,,0.0012117874518382532
2005-05-27,,,-0.0011970283902044132,,,,0.0571485755598764,,0.0012117874518382532
2005-06-03,,,0.013029215285022655,,,,0.027161187992895464,,0.0012117874518382532
2005-06-10,,,0.021008996425881055,,,,-0.030578483062856043,,0.0012117874518382532
2005-06-17,,,-0.02721490510492952,,,,0.007885159216654003,,0.0012117874518382532
2005-06-24,,,0.011641860192077136,,,,-0.007094140016044581,,0.0012117874518382532
2005-07-01,,,0.009020361080269268,,,,-0.05845356042224581,,0.0012117874518382532
2005-07-08,,,0.034074629690058034,,,,0.02181163933370467,,0.0012117874518382532
2005-07-15,,,0.04873212323168974,,,,-0.007032218704576043,,0.0012117874518382532
2005-07-22,,,0.03537652212632425,,,,0.018220221852396357,,0.0012117874518382532
2005-07-29,,,-0.019142718953956583,,,,0.019099822526906562,,0.0012117874518382532
2005-08-05,,,0.048272986468472334,,,,-0.012361883865526613,,0.0012117874518382532
2005-08-12,,,0.039902437250610934,,,,-0.005258868719201892,,0.0012117874518382532
2005-08-19,,,0.04070975922050257,,,,-0.011739692360246412,,0.0012117874518382532
2005-08-26,,,-0.007786998463942818,,,,-0.03537297582284005,,0.0012117874518382532
2005-09-02,,,0.048765496781151274,,,,0.04333982999387276,,0.0012117874518382532
2005-09-09,,,0.007010806105558265,,,,-0.0004851139314837605,,0.0012117874518382532
2005-09-16,,,0.04049205036718262,,,,0.03368732475717451,,0.0012117874518382532
2005-09-23,,,-0.08720258419720739,,,,0.0067753080384309605,,0.0012117874518382532
2005-09-30,,,0.03284860089930408,,,,0.027307455480957366,,0.0012117874518382532
2005-10-07,,,0.010990722632717054,,,,0.04546759725654992,,0.0012117874518382532
2005-10-14,,,-0.04951152412456872,,,,0.02018996617830182,,0.0012117874518382532
2005-10-21,,,-0.062497364274680445,,,,-0.013995305113982615,,0.0012117874518382532
2005-10-28,,,-0.03187604410584466,,,,0.017635499457165693,,0.0012117874518382532
2005-11-04,,,0.04067139917563667,,,,-0.021938411109359457,,0.0012117874518382532
2005-11-11,,,0.05840073421331149,,,,0.02634325825689321,,0.0012117874518382532
2005-11-18,,,0.01683083468284674,,,,0.045607383092202136,,0.0012117874518382532
2005-11-25,,,0.011083743842364546,,,,0.008499151375445768,,0.0012117874518382532
2005-12-02,,,0.020326872227579118,,,,0.06146794410844092,,0.0012117874518382532
2005-12-09,,,0.03496329847840318,,,,0.05337082696313322,,0.0012117874518382532
2005-12-16,,,-0.007224010029522998,,,,-0.06849879189566,,0.0012117874518382532
2005-12-23,,,-0.005205147309655156,,,,-0.00026332926467298456,,0.0012117874518382532
2005-12-30,,,0.0197821868437007,,,,0.0263247144458707,,0.0012117874518382532
2006-01-06,,,0.04609983069317991,,,,0.017484853755876495,,0.0012117874518382532
2006-01-13,,,0.008814856967066076,,,,-0.004967288691700933,,0.0012117874518382532
2006-01-20,,,0.005767804027352996,,,,-0.02369185264041307,,0.0012117874518382532
2006-01-27,,,0.00509131116052064,,,,0.07200627091469536,,0.0012117874518382532
2006-02-03,,,-0.032776804400719284,,,,0.020500927022004456,,0.0012117874518382532
2006-02-10,,,0.017016235062596197,,,,-0.03911794558482684,,0.0012117874518382532
2006-02-17,,,-0.004263444096694657,,,,0.011565844517374968,,0.0012117874518382532
2006-02-24,,,-0.007928599303833606,,,,0.03403143232969197,,0.0012117874518382532
2006-03-03,,,0.029954206593879817,,,,0.041381295337445057,,0.0012117874518382532
2006-03-10,,,0.025739263875521612,,,,-0.020161028414731663,,0.0012117874518382532
2006-03-17,,,-0.004987812249274803,,,,0.035725467378668,,0.0012117874518382532
2006-03-24,,,0.004451893932550854,,,,0.04321233713525552,,0.0012117874518382532
2006-03-31,,,0.04694706737752807,,,,0.07557525802933074,,0.0012117874518382532
2006-04-07,,,0.04216915376015007,,,,0.04883938759597073,,0.0012117874518382532
2006-04-14,,,-0.02332696205843321,,0.0010896883842737015,,0.07763899311310518,,0.0012117874518382532
2006-04-21,,,0.04640789706419701,,0.0011002065813421336,,0.009804592090080444,,0.0012117874518382532
2006-04-28,,,0.025558085182560752,,0.0010814602636421977,,0.03972070747196299,,0.0012117874518382532
2006-05-05,,,0.05291785191205145,,0.0010686131386863362,,0.017894956082360247,,0.0012117874518382532
2006-05-12,,,0.0273988295589489,,0.0010849719715571027,,0.02692710056539993,,0.0012117874518382532
2006-05-19,,,-0.10951083353060298,,0.001095449804508819,,-0.12302227845328029,,0.0012117874518382532
2006-05-26,,,-0.005031714594717629,,0.0011233535304144837,,0.04290326469563732,,0.0012117874518382532
2006-06-02,,,-0.057032884877619705,,0.0011220930232560544,,-0.05383417722286954,,0.0012117874518382532
2006-06-09,,,-0.1555861052542059,,0.0011092204677303208,,-0.0658738971002546,,0.0012117874518382532
2006-06-16,,,-0.03626252998762691,,0.0011253944681641759,,-0.09568092722042176,,0.0012117874518382532
2006-06-23,,,0.11763462232562172,,0.0011299238605153583,,0.018052040944853243,,0.0012117874518382532
2006-06-30,,,-0.010952598657711032,,0.0011344365149645874,,0.05897731412124374,,0.0012117874518382532
2006-07-07,,,-0.014645785865443739,,0.0011447137926445805,,0.03758524101846539,,0.0012117874518382532
2006-07-14,,,0.008164539977248753,,0.0011491796935905185,,0.023006123537195444,,0.0012117874518382532
2006-07-21,,,-0.0808493019522597,,0.0011651650265911417,,-0.05283295135278765,,0.0012117874518382532
2006-07-28,,,0.07226378046087434,,0.001175331858407569,,0.04690222657398824,,0.0012117874518382532
2006-08-04,,,0.020173761323167394,,0.0012027254103077478,,0.09815941920796734,,0.0012117874518382532
2006-08-11,,,0.06563878010904411,,0.0012185238618012129,,-0.04733013191124791,,0.0012117874518382532
2006-08-18,,,0.03479623263903897,,0.001240003903715703,,0.01252537799795217,,0.0012117874518382532
2006-08-25,,,0.008133865874497825,,0.0012270009001829063,,0.030301376256489876,,0.0012117874518382532
2006-09-01,,,-0.007429465598179141,,0.0012426770814844001,,0.050793234750970084,,0.0012117874518382532
2006-09-08,,,0.034590138687534466,,0.001258293296728663,,-0.06939882377108886,,0.0012117874518382532
2006-09-15,,,5.041711784969927e-05,,0.0012509996572602766,,-0.11732415596330237,,0.0012117874518382532
2006-09-22,,,0.00037540731830842944,,0.001295078132576899,,0.03592336405863095,,0.0012117874518382532
2006-09-29,,,0.01958339681225918,,0.0013047986963408142,,0.019774374958476004,,0.0012117874518382532
2006-10-06,,,0.023223371131100734,,0.0013315503456909905,,-0.03668499212179288,,0.0012117874518382532
2006-10-13,,,0.014588503792862806,,0.0012956827623049616,,0.040689419821480444,,0.0012117874518382532
2006-10-20,,,0.002746661217746915,,0.0013053570719139262,,0.024927630656530697,,0.0012117874518382532
2006-10-27,,,0.013373566022709227,,0.0013319956695971857,,0.005397247476552014,,0.0012117874518382532
2006-11-03,,,0.0022967492609327067,,0.001318902763469243,,0.042692746909543056,,0.0012117874518382532
2006-11-10,,,0.012538128538128523,,0.0013623901184320886,,0.03468738755224665,,0.0012117874518382532
2006-11-17,,,-0.023087654821901338,,0.0013492457772561472,,-0.01923944297106117,,0.0012117874518382532
2006-11-24,,,0.01678334503055967,,0.0013417899929526467,,0.015109670267436703,,0.0012117874518382532
2006-12-01,,,0.019962603582268867,,0.0013343617865808621,,0.07155206637962475,,0.0012117874518382532
2006-12-08,,,-0.00876787176366145,,0.0013494517852121746,,-0.019829915400719655,,0.0012117874518382532
2006-12-15,,,-0.008390568121155684,,0.001353248357571779,,-0.06510070414953095,,0.0012117874518382532
2006-12-22,,,0.010656847010050097,,0.001379457301310394,,-0.028293636454384985,,0.0012117874518382532
2006-12-29,,,0.02736067797352848,,0.0014727540500736325,,0.018654602381986463,,0.0012117874518382532
2007-01-05,,,0.04010677449129285,,0.0014929545962873991,,-0.051525745950007584,,0.0012117874518382532
2007-01-12,,,0.016710576363554885,,0.0014125634397319509,,0.057818955377291203,,0.0012117874518382532
2007-01-19,,,0.025648917133694882,,0.0014105709188225735,,-0.00018308261999488984,,0.0012117874518382532
2007-01-26,,,-0.00032956497200264945,,0.0014252865883870314,,0.03455555171444069,,0.0012117874518382532
2007-02-02,,,-0.0016936283811661568,,0.0014176984360838585,,-0.0005426600723834607,,0.0012117874518382532
2007-02-09,,,-0.001389329043962273,,0.001437898336701604,,0.03976043090217751,,0.0012117874518382532
2007-02-16,,,-0.013705796801543602,,0.0014136587150674895,,0.005179875546103885,,0.0012117874518382532
2007-02-23,,,-0.0444356271977685,,0.001439342773945862,,0.0493155646217287,,0.0012117874518382532
2007-03-02,,,-0.030892601204883796,,0.0014428020210282,,-0.11914200636145666,,0.0012117874518382532
2007-03-09,,,-0.050296819160005724,,0.0014572833808976782,,0.0013773829797869563,,0.0012117874518382532
2007-03-16,,,0.0007357922851982668,,0.001455162796338172,,0.017187841080046562,,0.0012117874518382532
2007-03-23,,,0.02587629982962736,,0.001728246930160049,,-0.011449625321472423,,0.0012117874518382532
2007-03-30,,,-0.0006135458177360942,,0.001818671325981569,,0.011983476624536138,,0.0012117874518382532
2007-04-06,,,-0.005226339516769651,,0.002062172301077414,,0.014411655451442185,,0.0012117874518382532
2007-04-13,,,0.05835187953130938,,0.001537973159357664,,0.018622447473130466,,0.0012117874518382532
2007-04-20,,,0.02403163548698517,,0.0015793299050761433,,-0.02831153694025268,,0.0012117874518382532
2007-04-27,,,-0.007685298695727205,,0.0016204890930713312,,-0.05398184957571173,,0.0012117874518382532
2007-05-04,,,0.014785693799575839,,0.0016178673566662471,,-0.007228634520834554,,0.0012117874518382532
2007-05-11,,,5.696629973495071e-05,,0.001549991298294584,,-0.011392593383482197,,0.0012117874518382532
2007-05-18,,,0.039194062106203686,,0.0016073241853420406,,-0.03039980093741368,,0.0012117874518382532
2007-05-25,,,0.004783163977288174,,0.0016481163223152073,,-0.0015382009324695911,,0.0012117874518382532
2007-06-01,,,0.028620918957746433,,0.0014613790005253424,,0.05767292710028227,,0.0012117874518382532
2007-06-08,,,-0.01583911776123792,,0.0011241602576916865,,-0.03697363324292624,,0.0012117874518382532
2007-06-15,,,0.0055880275680708635,,0.001252463087429545,,0.0105851633862446,,0.0012117874518382532
2007-06-22,,,0.024386775242003056,,0.001196978438212426,,-0.01622693683953258,,0.0012117874518382532
2007-06-29,,,0.024094425351988136,,0.0014163466872028074,,-0.04953290009591915,,0.0012117874518382532
2007-07-06,,,0.01152286845400563,,0.0013713216313890886,,0.018323205748473015,,0.0012117874518382532
2007-07-13,,,0.028209687805958783,,0.0013049992750002737,,0.02589299823629454,,0.0012117874518382532
2007-07-20,,,0.0009258981392008536,,0.0012067578439256543,,0.021455555940119053,,0.0012117874518382532
2007-07-27,,,-0.03170846077307732,,0.0011945895272533757,,-0.04585485780082499,,0.0012117874518382532
2007-08-03,,,-0.0009004248221650135,,0.0011022054810645443,,0.0329342832621895,,0.0012117874518382532
2007-08-10,,,-0.007675797899925119,,0.0013147768086194667,,-0.01599929217261775,,0.0012117874518382532
2007-08-17,,,-0.02987434380339904,,0.0014091273018415063,,-0.06881394831787524,,0.0012117874518382532
2007-08-24,,,-0.01239079968609591,,0.001455115289903386,,0.009413058629042181,,0.0012117874518382532
2007-08-31,,,0.06808491126337057,,0.001437033961902534,,0.005008476915039584,,0.0012117874518382532
2007-09-07,,,0.04026873903601125,,0.001445601279782105,,0.037807383578492004,,0.0012117874518382532
2007-09-14,,,0.018545835188943594,,0.0014488215720513953,,-0.005170192003119967,,0.0012117874518382532
2007-09-21,,,0.03741511000403164,,0.0014785216902841736,,0.06040737112101824,,0.0012117874518382532
2007-09-28,0.03799450142934968,,0.034124861963127806,,0.001523962726412087,,0.018729787313000346,,0.0012117874518382532
2007-10-05,0.032760113674762836,0.012683850585396339,0.01350819944430759,,0.0015269272833899894,,-0.03425199541754975,,0.0012117874518382532
2007-10-12,0.0467425586507606,0.014003624947323434,0.009544851521588571,,0.0014507433081170085,,0.023575236652464193,,0.0012117874518382532
2007-10-19,-0.03922999038594388,-0.042168391085185775,-0.02621431583429379,,0.0014328383368535924,,-0.009196035809483472,,0.0012117874518382532
2007-10-26,0.09337909961806701,0.11964463586143292,0.0836444691714362,,0.001430788248599546,,0.042908940565398845,,0.0012117874518382532
2007-11-02,0.04035215711862428,0.021963733963662024,0.022852604340819482,,0.0014234912830854984,,0.02245775971459807,,0.0012117874518382532
2007-11-09,-0.03938539312756717,-0.010534542641726374,-0.00694388844138516,,0.0012378834291466578,,0.0614385076162296,,0.0012117874518382532
2007-11-16,0.036516797132046586,0.06503507842365819,0.08512627166859299,,0.0016816495882316929,,-0.06244134424394687,,0.0012117874518382532
2007-11-23,-0.05049222429367917,-0.04711611098115798,-0.030014120655841525,,0.0014800868178133086,,0.02704132520340541,,0.0012117874518382532
2007-11-30,0.02748455936592209,0.04779350366289181,0.04850700011714615,,0.001483121657753772,,-0.05457871645119938,,0.0012117874518382532
2007-12-07,0.03670987023339545,0.05403391334657148,0.06589174828829525,,0.0015330705212439621,,0.023455363279073937,,0.0012117874518382532
2007-12-14,0.01228602397345524,0.05966216264648039,0.04471288916427696,,0.001535930357272841,,-0.03777673065775011,,0.0012117874518382532
2007-12-21,-0.046497046187979785,-0.06268320208247846,-0.026828377046836716,,0.0013256325346613362,,0.037478021412338025,,0.0012117874518382532
2007-12-28,0.05431374235888331,0.06619296429995436,0.06785521625870117,,0.001791128462848457,,0.029817692224599845,,0.0012117874518382532
2008-01-04,0.03200809301830998,0.05740528786145793,0.05685907440683513,,0.0015495359165844658,,0.03502677946603372,,0.0012117874518382532
2008-01-11,-0.01182597410723274,-0.06689358509908994,-0.0733884971866483,,0.0015109179343888446,,0.060406686856688596,,0.0012117874518382532
2008-01-18,-0.07980521042810151,-0.07010860126132101,-0.054183200436794254,,0.0015086385054143836,,-0.003501713124508421,,0.0012117874518382532
2008-01-25,-0.056429936734741726,-0.1373078255303275,-0.11706665075399503,,0.0015476362435773439,,0.017736758097563143,,0.0012117874518382532
2008-02-01,-0.012278617674341463,-0.05551820671170782,-0.02928912464688127,,0.001612205373330955,,0.024052960126580647,,0.0012117874518382532
2008-02-08,-0.03703040149395831,-0.0027277421352147613,-0.015310594556673052,,0.0015684701502132192,,0.02169005134402968,,0.0012117874518382532
2008-02-15,0.035651820911827725,0.0015731869786106412,-0.01580311414476443,,0.001514669185981088,,0.002613315079731837,,0.0012117874518382532
2008-02-22,-0.03623487259467684,-0.013244270604174324,0.006830920940563701,,0.0015380119657331104,,0.06460322860569567,,0.0012117874518382532
2008-02-29,0.022061341290417147,0.013205008427140674,0.009504609720453638,,0.001551006618652151,,0.09713140257131458,,0.0012117874518382532
2008-03-07,-0.08651285581387003,-0.11311864928375925,-0.1194841583887386,,0.001553715629153185,,0.02605881921311881,,0.0012117874518382532
2008-03-14,-0.00540705265334851,-0.017412865878772554,-0.03251140489738236,,0.0015462023636994005,,0.016477193265382217,,0.0012117874518382532
2008-03-21,-0.036210884665902165,-0.08911924179021402,-0.08605476502697329,,0.001156587709599588,,-0.1791159297410836,,0.0012117874518382532
2008-03-28,0.0804665090286043,0.08796476800890574,0.09450139145496772,,0.0021069345628874636,,0.047704019675366194,,0.0012117874518382532
2008-04-04,-0.0596924322136787,-0.03218805852778073,-0.03985796724002688,,0.0016708310480018085,,-0.005195671166983273,,0.0012117874518382532
2008-04-11,0.02814714970679999,0.04052128628063567,0.04111578662683546,,0.0015311528769959004,,-0.0037984554020150663,,0.0012117874518382532
2008-04-18,0.037799846171675755,0.057111114274355224,0.04710278286749792,,0.001533874323551343,,0.00451913766957146,,0.0012117874518382532
2008-04-25,0.030917291059215923,0.03472247707226761,0.026360720196305643,,0.0015214160794980724,,-0.04389375884725655,,0.0012117874518382532
2008-05-02,0.022790851487501484,0.043992345746445505,0.024883028593426948,,0.001564526629757479,,-0.017409347376356465,,0.0012117874518382532
2008-05-09,-0.04697603161341257,-0.05959440661834692,-0.03818769877043093,,0.0015520047567936235,,0.05174650437876971,,0.0012117874518382532
2008-05-16,0.035142314097937444,0.050199809012268615,0.023291972709087005,,0.0015898491152688266,,0.026741907999052517,,0.0012117874518382532
2008-05-23,-0.0409388647321729,-0.029615820869228426,-0.020561716074951497,,0.0015722559612612041,,0.0853085515445493,,0.0012117874518382532
2008-05-30,-0.015455157645194229,-0.026918067942352852,-0.027273247173813964,,0.0016048949295346393,,-0.07922801571781035,,0.0012117874518382532
2008-06-06,-0.049752630974742695,-0.07487225655039642,-0.062037321866828976,,0.0015973161083571163,,0.038371259923334344,,0.0012117874518382532
2008-06-13,-0.023920591145520698,-0.02565058750269633,-0.008578307230543536,,0.00161976513405504,,-0.04670166342608906,,0.0012117874518382532
2008-06-20,-0.03753520827592971,-0.041638188189259684,-0.019003008260305876,,0.0016470928810650154,,0.050448190232324386,,0.0012117874518382532
2008-06-27,-0.048510060107042174,-0.0899069652901423,-0.057979671627686025,,0.0016643163596321564,,0.011388342028589848,,0.0012117874518382532
2008-07-04,-0.02916608975668744,-0.04197722639175372,-0.056979550757362496,,0.00161180397677807,,0.049451074039015275,,0.0012117874518382532
2008-07-11,0.008217131474103523,0.01650797816666194,0.022157948447114384,,0.0016489438316089622,,0.016495106171894314,,0.0012117874518382532
2008-07-18,0.01068164979007169,-0.02092298700184203,-0.026297784337918406,,0.001690855989646245,,-0.03516219111095131,,0.0012117874518382532
2008-07-25,0.05366243451799124,0.1037648391532573,0.048558775702958856,,0.0017127525815046063,,-0.054460761006624336,,0.0012117874518382532
2008-08-01,0.023586095232422277,0.006873112220710409,0.01798421068931466,,0.0017048823878234032,,0.02831131480838245,,0.0012117874518382532
2008-08-08,0.026271414268250082,0.03799508077357139,0.03580583104947754,,0.001726647097999301,,,,0.0012117874518382532
2008-08-15,-0.02181251897284464,-0.025569549014389126,-0.004782263588795299,,0.0017532195710525666,,,,0.0012117874518382532
2008-08-22,-0.02330331447594547,-0.02404423729453542,-0.015157405842458616,,0.0017599834817192406,,,,0.0012117874518382532
2008-08-29,0.007521705211710472,0.0075245735928066715,0.0018672640097932014,,0.0017617988997347123,,,,0.0012117874518382532
2008-09-05,-0.0017660998423164598,0.004560189755881794,-0.006920671030061998,,0.001788093745100916,,-0.08054001597141791,,0.0012117874518382532
2008-09-12,-0.02845613007670378,-0.03745047180080485,-0.03597342826990357,,0.0017653416009351108,,-0.10289978537940014,,0.0012117874518382532
2008-09-19,0.003973040691391816,-0.04730520038618069,-0.06737972725222097,,0.001825690491765286,,0.15981442319388806,,0.0012117874518382532
2008-09-26,-0.06124492079382837,-0.06920240794003818,-0.057158773916611394,,0.0018613444559218983,,0.10193170421442588,,0.0012117874518382532
2008-10-03,-0.04189196441173704,-0.05329129535296184,-0.06143431101255392,,0.0018967949029717879,,-0.15402522346093517,,0.0012117874518382532
2008-10-10,-0.1409920883041853,-0.2123818061799445,-0.2083039815484976,,0.001849514563107002,,-0.03544709180321248,,0.0012117874518382532
2008-10-17,-0.0626838386488694,-0.01844975698378426,-0.028927443703749223,,0.0017831098793008593,,-0.10982396863766453,,0.0012117874518382532
2008-10-24,-0.15949715617296534,-0.11745082171990917,-0.12931284288511502,,0.0017315682300758084,,0.017447382151624558,,0.0012117874518382532
2008-10-31,0.11671830404653627,0.05427437803941837,0.03839455115725432,,0.001863770901032069,,0.03939351652052303,,0.0012117874518382532
2008-11-07,0.030288293382973785,0.06482844807533983,0.029728723084248898,,0.0018795814798571175,,-0.014355753740311505,,0.0012117874518382532
2008-11-14,-0.05470901525185001,-0.03880408292848936,-0.03584600843092367,,0.0018375720958425656,,-0.02287891966033162,,0.0012117874518382532
2008-11-21,-0.04159629313866142,-0.09701400325183096,-0.09719365314531758,,0.0018005905937148459,,0.014611389849891632,,0.0012117874518382532
2008-11-28,0.022888914812600136,0.0057770526915668086,-0.019434458423437384,,0.001792561349692967,,0.08134919659513606,,0.0012117874518382532
2008-12-05,-0.014772673902891387,0.0005571919201730058,-0.0021421800156370407,,0.001741510138077107,,-0.0826581072785817,,0.0012117874518382532
2008-12-12,0.07624160136972025,0.07437246218246552,0.055662758083893316,,0.0016907220433854953,,0.05577229241369719,,0.0012117874518382532
2008-12-19,0.0534512801012883,0.0653162579739548,0.05159996232597264,,0.0017593881715711746,,0.03450850208879719,,0.0012117874518382532
2008-12-26,-0.07156783103168152,-0.05839202529559828,-0.05374817178197422,,0.0017658173925871878,,0.0047424130693867195,,0.0012117874518382532
2009-01-02,0.06632251290576607,0.1062967250670559,0.09126820785170642,,0.001719943745486674,,0.0817718319913705,,0.0012117874518382532
2009-01-09,-0.05702798063510295,-0.1049945830919653,-0.07911844426051595,,0.0015984139180591495,-0.015041163137441638,-0.010274048420329418,,0.0012117874518382532
2009-01-16,-0.015506456257614043,-0.020836753896206983,-0.029760800255086317,,0.0015674500760047838,-0.012825637834762538,-0.0052747832327123545,,0.0012117874518382532
2009-01-23,-0.05299719101681255,-0.07027753648962598,-0.04739757489129237,,0.0015366284952391673,0.03846153846153855,0.07404975437899597,,0.0012117874518382532
2009-01-30,0.07326725146907753,0.03382572471851564,0.024369484545017528,,0.0014445750541716151,0.03703703703703698,0.046511402586648654,,0.0012117874518382532
2009-02-06,-0.011026836869853618,-0.028837022506654764,-0.015820754376084656,,0.0014142071247755794,-0.004107134682791558,0.033553127730425514,,0.0012117874518382532
2009-02-13,0.03701944932813461,0.05011848402224506,0.037431977628371804,,0.0014216247004936733,0.03292089869259929,0.04977243263159048,,0.0012117874518382532
2009-02-20,-0.07187075464776793,-0.07579368515997886,-0.06818524890603062,,0.0011892730392275563,0.07283273426970416,0.07044907813954016,,0.0012117874518382532
2009-02-27,0.009939867951988868,-0.01439240208114445,-0.016989264842997676,,0.0015446879636416,-0.02403820425248715,-0.06771994609528631,,0.0012117874518382532
2009-03-06,-0.051924087735679914,-0.06892590188342473,-0.048838195232863924,,0.0012797854835757683,0.012401307455254917,0.036562344791462476,,0.0012117874518382532
2009-03-13,0.03782230076516013,0.018297420963505395,0.007477142699859662,,0.0012360129219533,-0.017424328415802992,-0.008424805549078984,,0.0012117874518382532
2009-03-20,0.03228833274914966,0.046592789555476744,0.05636231468693209,,0.0012298109925461542,0.019979985555013124,0.026836268793908324,,0.0012117874518382532
2009-03-27,0.10744370362813283,0.08774124546173856,0.05466102829001951,,0.0010975307892413522,-0.015013372272266512,-0.03527346184257507,,0.0012117874518382532
2009-04-03,0.03294039203551713,0.05492450407400251,0.06370495957341427,,0.0012876017018734753,-0.023224912732786374,-0.06000435794779557,,0.0012117874518382532
2009-04-10,0.040796623536842214,0.06283268812596576,0.08560284322817968,,0.001132191512756675,-0.036209237955278195,-0.03178393173207772,,0.0012117874518382532
2009-04-17,0.012671819062217482,0.03988009669418213,0.03948125394079205,,0.001214682297750791,-0.01945443134876046,-0.047612837602143854,,0.0012117874518382532
2009-04-24,0.028468886785372405,0.02798753227093087,0.027906368363878498,,0.001106297528959077,0.049521959702993223,0.09537679164075552,,0.0012117874518382532
2009-05-01,-0.001953615981649115,-0.032336988644419584,-0.028555298997474,,0.0007986256210246179,-0.01506861439646534,-0.0418044068583493,,0.0012117874518382532
2009-05-08,0.04224298048695152,0.08389274157341009,0.0765710032348279,,0.0013640033033006649,0.004860921086018433,0.1156332785145906,,0.0012117874518382532
2009-05-15,0.01407185126052335,0.011675869519861104,0.0004272713164308328,,0.0009914935413923853,0.010775283296350802,0.009298452463523121,,0.0012117874518382532
2009-05-22,0.15438566114225893,0.28498311230365037,0.2859183247519561,,0.0009812543392733186,-0.018178088024552674,0.0013832031830973701,,0.0012117874518382532
2009-05-29,0.04965204560870595,0.05771630959360641,0.0719645245030267,,0.0009849164439426072,0.023012546736026485,0.058486949113771836,,0.0012117874518382532
2009-06-05,0.031007249120611924,0.08228126318486728,0.07645891993657794,,0.0009839473380297559,0.008452596795992307,-0.014400999389115543,,0.0012117874518382532
2009-06-12,-0.0007630425940211572,-0.030019123834965744,-0.06061911471406589,,0.0009552905560064051,-0.025280492357422468,-0.0261939597874139,,0.0012117874518382532
2009-06-19,-0.05886455697429682,-0.048016576697622604,-0.06710265003499016,,0.0009635998985682015,-0.0034674195887878234,-0.029354930742611862,,0.0012117874518382532
2009-06-26,0.014349939943988366,0.04149839175241854,0.03541816331909464,,0.0009534600928584602,0.013291578723890751,-0.0065634767019938645,,0.0012117874518382532
2009-07-03,0.011141583818992107,-0.0006148725014237799,0.0028444689330162642,,0.0010491875698888098,-0.017924571244436582,-0.054781409168707884,,0.0012117874518382532
2009-07-10,-0.09501047582217326,-0.09892811178546712,-0.09566032564489979,,0.0009837316527150364,0.0012167683685839759,-0.03649557891732802,,0.0012117874518382532
2009-07-17,0.09267222009010512,0.08027412223970565,0.08520017946472747,,0.0009827648757998464,0.02777041743217601,0.05512188245669147,,0.0012117874518382532
2009-07-24,0.044251843045534756,0.05423080648331635,0.06093208805187289,,0.0009588607449748654,0.003948334767355233,0.0244588040342133,,0.0012117874518382532
2009-07-31,0.01486256985867418,0.028960192233274062,0.02635565300764231,,0.0009441918451160713,-0.01456698133682377,-0.0059770790745471425,,0.0012117874518382532
2009-08-07,-0.0334415957116303,-0.03751174235481747,-0.015241373828202898,,0.0009020890000090986,0.019377775332106273,0.05761895043585907,,0.0012117874518382532
2009-08-14,0.022013188845779297,0.03990492158577408,0.03420666990634813,,0.0008463759098547019,0.0013476754638623856,0.010833072282720124,,0.0012117874518382532
2009-08-21,-0.011189834649297459,-0.015157017796647576,0.005317155389914285,,0.0008548024355015116,-0.005037659547117657,-0.033265510074363625,,0.0012117874518382532
2009-08-28,0.044945747603607256,0.059628640725237325,0.07273423822296099,,0.0008769085320461389,0.011150369310670705,0.04611577265009981,,0.0012117874518382532
2009-09-04,-0.010977673722455394,-0.0038831357072488526,0.000309236740733132,,0.0008350711635780605,0.0408027169320444,0.10661437580733235,,0.0012117874518382532
2009-09-11,0.031866914250011424,0.006805861113275746,0.014844274057990159,,0.0008206961326975293,0.00771207469941948,0.016489193637074573,,0.0012117874518382532
2009-09-18,0.03033409032407297,0.04464445478108181,0.027513380086249706,,0.0008063560904940648,0.005165776327371141,0.014489358219302861,,0.0012117874518382532
2009-09-25,-0.003436382280356587,0.010443592968756077,0.00615415827835375,,0.0008011543906447649,-0.018158719340196083,-0.06092734652323972,,0.0012117874518382532
2009-10-02,0.025095978408673503,0.016374867393954773,0.010747042304936505,,0.0007186424026306426,0.0016284468915792605,0.004064569202167689,,0.0012117874518382532
2009-10-09,-0.02718647159109633,0.003628905447496278,-0.02322715203782333,,0.0009544716999141389,0.010967746857673877,0.06372202639602076,,0.0012117874518382532
2009-10-16,0.03982643760669924,0.047403336152864295,0.04297106007703855,,0.0008264200120784437,-0.0027760016836276824,-0.020744290407001875,,0.0012117874518382532
2009-10-23,-0.028217788359323093,-0.030178239442307575,-0.00876102788821076,,0.0008393486654356686,0.01046298472442797,0.022602983155693757,,0.0012117874518382532
2009-10-30,-0.05710361523860075,-0.0780184150602029,-0.07407661745624927,,0.0008250451054876429,-0.0037998999215740348,-0.07303602139960574,,0.0012117874518382532
2009-11-06,0.01792340419181726,0.03884184448677219,0.01671240551545705,,0.0008379534007318945,0.04281627976064173,0.06482334700081949,,0.0012117874518382532
2009-11-13,0.042283977168780185,0.036715501677479834,0.03441313560727011,,0.0008236747661352073,0.00723626240355113,-0.010027387156086975,,0.0012117874518382532
2009-11-20,0.01070224705382472,0.0038803710013251003,0.01018156453030672,,0.0008184749234658728,0.03436591583086002,0.0676667998292304,,0.0012117874518382532
2009-11-27,-0.021910200206466945,-0.026959110450914037,-0.02267775442409259,,0.0007952142560228026,0.01930953310471928,-0.00902692744015332,,0.0012117874518382532
2009-12-04,0.03382403042318005,0.05355690500544119,0.06202750684906255,,0.000817155756207999,0.025545332541633936,0.0033766987189634,,0.0012117874518382532
2009-12-11,0.0016441704680680846,-0.003253697466323535,0.00719005090795477,,0.0007849116523288568,-0.048418683582441724,-0.06923087361777547,,0.0012117874518382532
2009-12-18,-0.025325780063987113,-0.0158799618903418,-0.00634465045185284,,0.0007437290121927731,-0.02088232601390161,0.01794924270876419,,0.0012117874518382532
2009-12-25,0.03823399554176721,0.02470203616678268,0.02333280648364089,,0.0006440861183674151,-0.0036047684974997996,0.00567632311299926,,0.0012117874518382532
2010-01-01,0.004373919119977421,0.006207393325304178,0.02472546889494831,,0.0008687315169495502,-0.0039191215132377,-0.03966882122350357,,0.0012117874518382532
2010-01-08,0.008402187433989683,0.03860492232396151,0.03939760983429719,,0.0007555451618124209,-0.001816022143716678,0.07639629893025335,,0.0012117874518382532
2010-01-15,0.0014205053267553058,0.01843925239382327,0.029839058251057038,,0.0007459869497223881,0.008489957040123342,0.003698942946139372,,0.0012117874518382532
2010-01-22,-0.04116373848534083,-0.053672003462309714,-0.03018980423856421,,0.0007409403206251053,-0.024945781633917696,-0.07266675897200792,,0.0012117874518382532
2010-01-29,-0.030569935526707726,-0.03990933803973973,-0.04304239844386393,,0.0007403917345358835,-0.008325561092284772,-0.04603157139388592,,0.0012117874518382532
2010-02-05,-0.033469527940264254,-0.02353102149073616,-0.025799911425219646,,0.0007443278629717387,-0.019032800632930114,-0.07366678266141036,,0.0012117874518382532
2010-02-12,0.022930329130533167,0.027586796363236354,0.026268399050208835,,0.0006452017599669624,0.018974153075302036,0.03731345600762492,,0.0012117874518382532
2010-02-19,0.0037394583055860853,-0.00412105089912318,-0.012699195412977926,,0.0008597143240944849,0.019460689341078696,0.05736157934466868,,0.0012117874518382532
2010-02-26,0.01597554209660923,-0.008552370761823025,-0.013203972624005522,,0.0007694991991840094,0.007335392211091252,-0.0007946736552117972,,0.0012117874518382532
2010-03-05,0.0338054156040104,0.060183373513620575,0.04632327571263728,,0.000768907525459106,0.012589051649118721,0.041926275594100115,,0.0012117874518382532
2010-03-12,0.009491579938623929,-0.010348543341185068,-0.006732468643299905,,0.000737048055533096,-0.020347928929800085,-0.01843221318646404,,0.0012117874518382532
2010-03-19,0.02448896334193118,0.01687849696673238,0.007436383345304387,,0.0008436332471843944,0.004079679021296467,-0.0058597541962694955,,0.0012117874518382532
2010-03-26,0.00364828532816297,0.00402389283591531,-0.001998294145930335,,0.0008429221300507717,-0.024554608030588287,-0.010299676512462108,,0.0012117874518382532
2010-04-02,0.001609238924649814,0.006735148864475349,0.028427946782531244,,0.000663966240213032,0.007245621847092432,0.0461642542943026,,0.0012117874518382532
2010-04-09,0.013467536149702308,0.02913804320308966,0.02908203838048662,,0.0011756428183364864,0.021116221755633546,0.014914954353339116,,0.0012117874518382532
2010-04-16,-0.018492078583251748,-0.009992802195212369,-0.0035896111500463013,,0.0009118324719110671,0.0015096206371327803,-0.03226306046012095,,0.0012117874518382532
2010-04-23,0.00788583575227042,0.006674846630102094,0.012778548662926825,,0.0008754505014954006,-0.011876909655010204,0.028779603778815277,,0.0012117874518382532
2010-04-30,-0.00492074002671683,0.0199277406511309,0.0006629839254026493,,0.0008968848790538164,0.023818838339258797,0.022276772228962516,,0.0012117874518382532
2010-05-07,-0.04925164746352784,-0.05239603755627342,-0.04970937255045871,,0.0008916451518456991,0.04167668637205546,0.016358219067378332,,0.0012117874518382532
2010-05-14,0.015035760554233724,0.014631957710693477,0.01013134743123234,,0.0008952829226995807,0.03150759915451484,0.038090584879778566,,0.0012117874518382532
2010-05-21,-0.03187397617674492,-0.046616389712134,-0.04005207507166397,,0.000881197720399074,-0.01500811502086108,-0.04796831834488613,,0.0012117874518382532
2010-05-28,0.02745807874942008,0.010743991142544651,0.008186904482276658,,0.000893694586511451,0.014756165629140838,0.030485542157964174,,0.0012117874518382532
2010-06-04,0.013608905067647559,0.023503415585708343,0.016386588051830353,,0.0009282588516108525,0.002535019775917302,-0.049528802337112876,,0.0012117874518382532
2010-06-11,-0.003144757539431442,-0.003344227641907671,-0.001191983366200411,,0.0008964847200139126,0.01842286410124694,0.05142997539034777,,0.0012117874518382532
2010-06-18,0.027982067502197783,0.013589650485134719,0.022191927844262604,,0.0008912695296123818,0.004883928125364312,0.0356426142957762,,0.0012117874518382532
2010-06-25,0.0012255742240649958,0.009416430437166445,0.02070888519878622,,0.0009037007648391437,0.004724403413693068,-0.0006187926700031987,,0.0012117874518382532
2010-07-02,-0.006063656297730646,-0.0020042069930249484,0.009925332007976184,,0.000933715040739802,-0.021322057895275637,-0.06541582550208536,,0.0012117874518382532
2010-07-09,0.022025566726874723,0.01761756139830073,0.01766642713810751,,0.0009504448609976013,-0.0091122968290559,0.01918237873485884,,0.0012117874518382532
2010-07-16,0.007744062161951559,0.003659848941984123,0.015464884638693333,,0.0009451463438221452,0.007412642259193802,-0.011700522624570997,,0.0012117874518382532
2010-07-23,0.010233819001445488,0.01106458920342801,-0.0011965535937209504,,0.0009574295213294892,-0.0019363141526731464,0.02231606315616852,,0.0012117874518382532
2010-07-30,-0.014956598069294835,-0.011332419331543608,-0.008656857375873406,,0.0009828397927258425,-0.028297438324252577,-0.01725843455649889,,0.0012117874518382532
2010-08-06,0.013348591743083782,0.008744327739310664,0.020603399818377888,,0.0009555745501563795,0.007415810363637698,0.019511712481875332,,0.0012117874518382532
2010-08-13,0.002362476013466841,0.004768546979900146,0.014950186573589264,,0.0009590414840181527,0.02904872552172888,-0.005689392081437372,,0.0012117874518382532
2010-08-20,0.014407256521439704,0.020306951033361775,0.026328640110031776,,0.0009668725828182456,0.009189446641154175,-0.01384254798903406,,0.0012117874518382532
2010-08-27,-0.022049796892689044,-0.021389888480833563,-0.022565974113098908,,0.0009790509325020569,0.011314092477496152,0.06860174572057054,,0.0012117874518382532
2010-09-03,0.013071478262471015,0.027458700472361874,0.02656223832392346,,0.0009824598173935328,0.007952504629671564,0.041807896482963125,,0.0012117874518382532
2010-09-10,0.029318886229682484,0.023973378085005104,0.029756295475091843,,0.0008593538705818915,-0.0011232901198217071,-0.012011323026775877,,0.0012117874518382532
2010-09-17,0.04342167163514432,0.009354691381787461,0.0034693171656074995,,0.0012552355963895145,0.005649527084984118,0.04529101894032439,,0.0012117874518382532
2010-09-24,0.022659428703613482,0.008918615349765124,-0.00021288244459183314,,0.0011709550901721766,-0.0005057960366310343,0.014021351132134985,,0.0012117874518382532
2010-10-01,0.02078661776849544,0.011544530877853232,0.01295514960465205,,0.0011956729682256473,-0.0015983316949307325,0.010472230653030268,,0.0012117874518382532
2010-10-08,-0.006502866110996486,0.010760585277246326,0.013385601540437664,,0.0012159585879247814,0.005869829866331999,0.03911323365233388,,0.0012117874518382532
2010-10-15,-0.0066847916609665825,-0.0009355769642016565,0.005338020319023418,,0.0012101443932146516,0.026180357871212756,0.048187853561564076,,0.0012117874518382532
2010-10-22,0.0005607947677195302,0.009186748282151047,0.008309458646777124,,0.0012043495212930022,-0.020808031107624858,-0.044402251784602,,0.0012117874518382532
2010-10-29,-0.007970526278508028,-0.012750774263242892,-0.007452900905695059,,0.0012029008082801163,0.0005015840529905002,0.06734021032202708,,0.0012117874518382532
2010-11-05,0.04388713309126313,0.03957280880096681,0.027330544926434275,,0.0010501931836846001,0.01844271864985436,0.07894782145174029,,0.0012117874518382532
2010-11-12,-0.033453772625312794,-0.024722940568150498,-0.010951732223967392,,0.0014117403261251216,0.020595907126151225,-0.025135435813958606,,0.0012117874518382532
2010-11-19,-0.029868339013790268,-0.031455192911873375,-0.05366578807304345,,0.0012200589767024095,-0.00248761445907264,0.0692412225493868,,0.0012117874518382532
2010-11-26,-0.023487702487554385,-0.05506875556322699,-0.06826926713275605,,0.00121426633769528,0.015573695140491006,-0.008786409978313592,,0.0012117874518382532
2010-12-03,0.04187268686214951,0.025777163542389347,0.03205520312220367,,0.001199891622692073,0.003006813768620553,0.08508308968044043,,0.0012117874518382532
2010-12-10,-0.022602074396895877,-0.05236995033712011,-0.07254995820547883,,0.0012285223367696219,-0.001948565197693597,-0.024474389578190814,,0.0012117874518382532
2010-12-17,0.01560430925587375,0.021613327076407618,0.033790613478028364,,0.0010897265387026511,0.0007508893178260756,0.02331497245983538,,0.0012117874518382532
2010-12-24,0.010565261215591537,0.0066124055704928075,0.018814658624497493,,0.001572812205365759,-0.0023760638402927636,9.200878801829404e-05,,0.0012117874518382532
2010-12-31,0.020443792059898547,0.0193574761700952,0.029125049817106508,,0.0013392838040795496,0.007822300111439695,0.05130431313571271,,0.0012117874518382532
2011-01-07,-0.0374765510381857,-0.045829309929551254,-0.04149099885956531,,0.0014699598324929841,-0.02124483934533883,-0.06510336230233082,,0.0012117874518382532
2011-01-14,-0.042348387500112716,-0.034289542944968,-0.033608642865762484,,0.0014806028229592538,0.004295412531993614,-0.017091107140422168,,0.0012117874518382532
2011-01-21,0.00741883912274055,0.0012833451768019533,-0.0010365847486349944,,0.0015082377903039568,-0.00951584152145335,-0.013924681553485807,,0.0012117874518382532
2011-01-28,-0.032361993795532396,-0.05320153862090493,-0.04566902364099379,,0.0015229830047009951,-0.018754660301202875,0.016890904207862212,,0.0012117874518382532
2011-02-04,-0.02111696967715937,-0.021424707762153772,-0.01907578322710657,,0.001529162401294526,0.01973802626293364,0.037537559618349814,,0.0012117874518382532
2011-02-11,-0.015892137330306255,-0.04986267745144468,-0.05221360178533374,,0.0015437923853711677,0.0040346505165052005,0.03351507028066947,,0.0012117874518382532
2011-02-18,0.028050884239642082,0.021903331512271862,0.04506484480752726,,0.001554116715435594,0.015107147985299552,0.06697493734227256,,0.0012117874518382532
2011-02-25,-0.028467083425388173,-0.05001233673737204,-0.04368107811480637,,0.0015855298206446378,0.011750602339511529,0.022857691062870167,,0.0012117874518382532
2011-03-04,0.04434769238984426,0.046928557493928214,0.029463633607121453,,0.0016083482137203564,0.004234595474602587,0.060524989670488916,,0.0012117874518382532
2011-03-11,-0.01684492072895505,-0.011917264491635104,-0.008924764273536834,,0.001593121760020244,0.0011836444660506817,0.023340211238239705,,0.0012117874518382532
2011-03-18,-0.013176137403986043,-0.006892175095230102,-0.008617568322509372,,0.001657914226082191,-0.0030541253664626566,-0.025592938594485193,,0.0012117874518382532
2011-03-25,0.052207937638989454,0.034043661540664516,0.034618265186170616,,0.0016047588240730715,0.004669297884429602,0.04642977462302378,,0.0012117874518382532
2011-04-01,0.030384189713489773,0.03814043319351823,0.04090912128862345,,0.0015308861524006012,-0.0019180424503965066,0.014897853283478701,,0.0012117874518382532
2011-04-08,0.0027377375489765488,0.02199623548642582,0.03934953950011244,-0.0028890698571284457,0.0019808282626081475,0.014018927431749706,0.06739570932686911,,0.0012117874518382532
2011-04-15,-0.0029870241890619376,-0.003934368058257753,0.003963147979219039,-0.01687984489047767,0.001613294213038019,0.009767393103069955,0.033578882588599646,,0.0012117874518382532
2011-04-22,0.010327045461366202,0.0032528268535534366,0.002009198476881524,0.013241133363615099,0.0013770196287890002,0.017541329789997562,0.10165590709214656,,0.0012117874518382532
2011-04-29,-0.022974865468965544,-0.01765862412156638,-0.018744699594304137,-0.001825699448248952,0.0018501695988797362,0.01995842333417075,0.05570553097081388,,0.0012117874518382532
2011-05-06,-0.034446439636055315,-0.033791133652731564,-0.03825614620001805,0.010300380799564302,0.0016013509578989282,0.0011360425301776278,-0.26721585632102596,,0.0012117874518382532
2011-05-13,-0.0012069270328962656,0.015290408141036993,0.010481277227399666,0.007527439150443849,0.0016320123584447899,-0.003450551430964288,-0.007487124904244413,,0.0012117874518382532
2011-05-20,-0.010532468072275591,-0.021869224134390297,-0.020800900188694182,-0.01598265745028049,0.0016293532338309547,-0.007018078235509373,0.005165536477883981,,0.0012117874518382532
2011-05-27,-0.0018682730444742335,0.0030917473321381284,-0.004958822828165732,-0.01912536376878904,0.0016349811459763774,0.019424335126291714,0.08728080112270287,,0.0012117874518382532
2011-06-03,0.007423148156321613,0.01232847288980854,0.019804467801996184,0.009308182471175153,0.001644709655024501,-0.0011938005391544104,-0.05320895864693076,,0.0012117874518382532
2011-06-10,-0.00561022256083743,-0.0014920160795893755,0.004221130921328919,-0.008057395623763286,0.0016420090269237964,0.003378674291852679,0.0002528091258406917,,0.0012117874518382532
2011-06-17,-0.021765267890695772,-0.015064033952129519,-0.01633724690865601,-0.030632282872969374,0.0016557928034797165,-0.009987332985200159,-0.011747415468504219,,0.0012117874518382532
2011-06-24,0.01953825647813856,-0.03003523946820441,-0.024458787731831966,0.022715839226199908,0.0016571677645917937,0.0010411663181106867,-0.029640963093623074,,0.0012117874518382532
2011-07-01,0.028503576936257602,0.026040316308011402,0.034154852330427365,0.001974284685431149,0.0013916884588385248,-0.026904619695032328,-0.03291107001432003,,0.0012117874518382532
2011-07-08,0.005944289499263622,0.024761587847118793,0.01724686716826418,0.014679820043998593,0.001910399790101991,0.016959637239492897,0.07795216431012975,,0.0012117874518382532
2011-07-15,-0.01405312217852639,-0.0023719869169667174,0.0009552655852629321,-0.017574498457490373,0.001644884898974741,0.032816429696689076,0.07085294679101106,,0.0012117874518382532
2011-07-22,0.009469476757538287,0.001088056411267635,0.007258721129759227,0.018976120628584336,0.0016626088661579885,-0.0007463068980290144,0.02456679176795573,,0.0012117874518382532
2011-07-29,-0.02697045412984378,-0.029951148667788363,-0.015246877944955828,0.003782692134610688,0.0016516926791272368,0.009890016442064997,-0.007066387849488542,,0.0012117874518382532
2011-08-05,-0.04938890915724192,-0.05183320537900604,-0.053072215559923475,-0.029084901158001553,0.0016530406175696566,0.0421531603094365,-0.035294859635342735,,0.0012117874518382532
2011-08-12,-0.02653870082753662,-0.014706272085749705,-0.021634973617964848,-0.06349526940349415,0.0016787662490751476,0.08035866552864479,0.040435849793449385,,0.0012117874518382532
2011-08-19,-0.04480633245301313,-0.06956435444905085,-0.062306240413278036,-0.030924486424582676,0.0014162409151594613,0.07348574759856907,0.09507741724952856,,0.0012117874518382532
2011-08-26,-0.02019338987096897,-0.013224769916070134,-0.007329292197037929,0.07369227977722148,0.001896456705676286,-0.04077276532562957,-0.02857225353339532,,0.0012117874518382532
2011-09-02,0.06154433786867153,0.05837380113079482,0.04553637552796852,0.016852206687934412,0.0016663700635808354,0.0314879531105039,0.043547752272777185,,0.0012117874518382532
2011-09-09,0.003859165736607162,0.010994327938444126,0.020460275734121902,-0.013660167613332441,0.0016514843169559423,0.01697809460289279,-0.024542771385862916,,0.0012117874518382532
2011-09-16,0.004901679773521073,-0.007438259498502631,-0.0049539606352441146,0.05091649852734026,0.0016527926148388605,-0.027161046099640984,0.010081954586315334,,0.0012117874518382532
2011-09-23,-0.04258248512563312,-0.02241360114171853,-0.017053904027001687,0.028972940784216084,0.0016500653989333092,0.010948062311468831,-0.23250471175058018,,0.0012117874518382532
2011-09-30,0.015510246006882111,-0.020271257360216177,-0.011471588951324385,-0.011394696766335644,0.0014263615726137768,-0.05547753150289625,-0.012719227986562665,,0.0012117874518382532
2011-10-07,-0.011166782038638523,-0.037956552433016655,-0.02277512182206687,0.01952752151603865,0.0019218424008986545,0.00575261689131823,0.0343213979851309,,0.0012117874518382532
2011-10-14,0.049968803461407196,0.04412639872797808,0.03216420178361279,0.03232735826335231,0.0016658724406231062,0.012386141984655374,0.041567944720673156,,0.0012117874518382532
2011-10-21,-0.016045362217496972,-0.022539438728563788,-0.006975865307186413,-0.00443477123036673,0.0016670997661261122,-0.011104685158546679,-0.017076066359498432,,0.0012117874518382532
2011-10-28,0.061535260345428,0.04093486670883628,0.022925868421379336,0.03727271340110083,0.0016723075449407432,0.03538222012833048,0.12983940101089098,,0.0012117874518382532
2011-11-04,-0.014270523851882877,0.005747648201297695,0.0017810118603112102,-0.009640636121673096,0.0016615465531872875,0.02190046772793397,-0.048418837397108505,,0.0012117874518382532
2011-11-11,-0.021829244425405125,-0.029938537413455757,-0.026021563391579683,-0.010707990077398644,0.0016508345664865143,0.021244881016847295,0.03656221057504472,,0.0012117874518382532
2011-11-18,-0.050891453224388705,-0.08082907359461233,-0.07753963358918126,0.04436893231215655,0.0016679705960611635,0.0011304017492190788,-0.046638623494135834,,0.0012117874518382532
2011-11-25,-0.039901750538813396,-0.018137449679259898,-0.023035141071500398,-0.046937929485281304,0.001696911066794149,-0.006829357148826709,-0.022284299362019255,,0.0012117874518382532
2011-12-02,0.07220732513651518,0.04537525012986787,0.016384749782734742,0.03262334149417545,0.0017494488444531608,0.025561584505005452,0.03646742417983995,,0.0012117874518382532
2011-12-09,-0.03632559638400279,-0.02975447939243392,-0.022760404964910608,-0.006092227695267072,0.0017582469685057944,-0.005578506139773842,-0.006043208206355399,,0.0012117874518382532
2011-12-16,-0.04419834570114467,-0.06321004410920317,-0.06798601238943014,0.007618204256326866,0.0017669935078763466,-0.05818364937516041,-0.05262292329564788,,0.0012117874518382532
2011-12-23,0.013414717738782223,-0.0070645873308025076,-0.02201525632901491,0.012601065277502821,0.0017678139739985,0.012389955405016195,-0.032115922782464,,0.0012117874518382532
2011-12-30,-0.0190284673976453,-0.017703041133156572,-0.010863762688836598,0.02634733910797893,0.0017843457071549107,-0.015557174565960397,-0.03135996426124832,,0.0012117874518382532
2012-01-06,0.028069177702789938,0.0384396179709976,0.024424676239411136,0.011037709969441645,0.0018164769762523125,0.024499555286912278,0.023255588774997227,,0.0012117874518382532
2012-01-13,0.02353755706551408,0.07947055388425639,0.07530632756252365,-0.020841937251682596,0.001809267207619314,-0.017294948614565375,0.0037590312022937056,,0.0012117874518382532
2012-01-20,0.037525708519574597,0.02889848967704789,0.017774671388653518,0.005152451355479926,0.0018372723932233992,-0.00547952224796211,0.04911259299655102,,0.0012117874518382532
2012-01-27,0.03091948156652724,0.043761998733415464,0.03210335613495596,0.019916006133648745,0.0018456087777620755,0.0218285252306345,0.11278214765028771,,0.0012117874518382532
2012-02-03,0.023277018425165164,0.03318650349978758,0.0347591387159365,0.05882835488942151,0.0018422087810652243,0.013498852098344338,-0.06715082421305985,,0.0012117874518382532
2012-02-10,0.010467812457683356,0.034642396374860995,0.042461778689780516,-0.05299196675386353,0.0018427088597754437,-0.008349798997804303,0.005497126465544566,,0.0012117874518382532
2012-02-17,0.03394895639139328,0.07436628734366568,0.03632421892993043,0.01199670563122357,0.0018470803712784534,-0.001080431763386347,-0.015294448784277104,,0.0012117874518382532
2012-02-24,-0.024261812759670653,-0.04714955714074354,-0.03915231414927611,0.014939916814449061,0.0018359284220310634,0.023869192658320992,0.060113953347423976,,0.0012117874518382532
2012-03-02,-0.01288374367738132,0.0014719602978716662,-0.0010577501702678793,0.02391998291015618,0.0018441624718739114,-0.030769201907996924,-0.0219985134963947,,0.0012117874518382532
2012-03-09,-0.004814071202408066,0.009121057071621363,-0.003009800859329559,0.003984732865380369,0.0018832173688210219,0.004076810347169779,0.008752994915478984,,0.0012117874518382532
2012-03-16,-0.0029342375935058618,-0.014478937212791032,-0.003629442811010297,0.052762605162071985,0.001895084720301865,-0.024075034871307244,-0.04107078443471113,,0.0012117874518382532
2012-03-23,-0.0074652979108826845,0.004042338749260743,-0.002815856662199634,0.0374778218552152,0.0016492958775289335,0.032397137701478895,0.004604094850715779,,0.0012117874518382532
2012-03-30,0.0032870313237469695,-0.003852929540285599,0.0035098278467506905,-0.012397562398907769,0.0022760420664771353,0.010428751415447968,0.011146905408855545,,0.0012117874518382532
2012-04-06,0.005164732400786853,0.019578432623993836,0.023077741364212256,0.013563215100928172,0.0014858328897535689,-0.01662134891220557,-0.02756762044936112,,0.0012117874518382532
2012-04-13,-0.02168925006093314,-0.028729255204229087,-0.013666322409162102,-0.03701327582007574,0.002554288183358455,0.029440884282702973,-0.008270962246278435,,0.0012117874518382532
2012-04-20,0.016015496877689328,0.005924551094150354,0.009142895176410537,0.023505050864626398,0.001952789781416886,-0.006767516916367677,0.026326166132963902,,0.0012117874518382532
2012-04-27,-0.018947805768379067,-0.053966744466855676,-0.03073826840769589,0.02238748199678886,0.0019413706076492065,0.020551434488802034,-0.004350683930730126,,0.0012117874518382532
2012-05-04,-0.01998805495473388,-0.02065990174637089,-0.01706328797742318,0.032210238139024794,0.001937608990505435,0.005021768240054625,-0.012261583725419967,,0.0012117874518382532
2012-05-11,-0.031050688005387683,-0.042638876258290215,-0.031952384218829954,-0.0419489440633104,0.001918694377770258,-0.030085594743109678,-0.05285556661324464,,0.0012117874518382532
2012-05-18,-0.0075979848999250255,-0.027126061716631455,-0.018481699809682173,-0.00864287785121376,0.0018998815412505365,0.023585182796226567,0.017002974566840523,,0.0012117874518382532
2012-05-25,0.005918430296804944,0.0058394024532242295,0.006168906896620641,-0.006916904655791534,0.0018962788360925575,-0.0001425386496528569,0.008530605011231707,,0.0012117874518382532
2012-06-01,-0.016014918756901197,-0.0219401861444658,-0.01786869795416357,0.006747472396342102,0.001885149171854117,-0.0022771072353096056,0.013841469710610177,,0.0012117874518382532
2012-06-08,0.046833690397058314,0.04481333085313177,0.03060072328307939,0.00893626347857035,0.0018853652754102779,0.006716936867508627,-0.021566402685861186,,0.0012117874518382532
2012-06-15,0.013949254820408541,0.0013526585712511086,0.0007058205878660573,0.008857113974434894,0.001859280627422466,0.03477588919152197,0.02539620642173457,,0.0012117874518382532
2012-06-22,0.0013621195096444882,0.015890542783312256,0.011244405342187846,0.011469885355838816,0.001825836904400635,-0.009579064405800142,-0.06397052789125945,,0.0012117874518382532
2012-06-29,0.02581593701934981,0.033290648927709166,0.022962740320498165,-0.010219789015415759,0.0018075400241004402,-0.012244546473828333,0.04381389076485509,,0.0012117874518382532
2012-07-06,0.0072079966797355954,0.024964890801595585,0.03435707638898622,0.00855723715026735,0.001811749851511335,-0.004400572567608396,-0.05698155716377429,,0.0012117874518382532
2012-07-13,-0.016870610409625564,-0.01944889882091605,-0.00985382729035944,-0.01717971327845569,0.001801015728124744,-0.003711842313797842,0.03524668905628481,,0.0012117874518382532
2012-07-20,-0.004237391045721961,-0.010662380827767381,-0.010352032681144374,0.015482306707951698,0.0017642789347327437,-0.006113385906568403,-0.01682564348802562,,0.0012117874518382532
2012-07-27,-0.02022055253988142,-0.05772172307986456,-0.050122280265808006,-0.023817870649518347,0.0017797494974718386,0.025965998979117888,0.014605163589282544,,0.0012117874518382532
2012-08-03,0.022716373116435706,0.04160425238214849,0.03260242038590144,0.047430573930865805,0.0017654607630055441,-0.001005769301608117,0.0171838850157231,,0.0012117874518382532
2012-08-10,0.020073950401778617,0.0012945811278450847,0.0027387891383512386,0.02961586906673941,0.001254352543376136,-0.0048358736811784375,-0.0007696565270557398,,0.0012117874518382532
2012-08-17,0.008627152692700868,0.0030170176679800154,0.011908167579868234,0.01922050873279635,0.001751254647571976,0.010905699352720122,0.004180570066736111,,0.0012117874518382532
2012-08-24,0.0038015748965758434,-0.012795413155564317,-0.00456001966751951,-0.0030775229421676764,0.0017276795275678047,0.02362500687653979,0.08619022812094701,,0.0012117874518382532
2012-08-31,-0.02379939307260126,-0.03549836849236032,-0.029428060491957453,0.017733957131322642,0.0016971868097346299,0.0006269759730868074,0.031825411207248466,,0.0012117874518382532
2012-09-07,0.01589808836288875,0.019756254221006575,0.020437852211123486,0.011035849107118967,0.0016829864235961,0.019479597578721863,0.07271719019136413,,0.0012117874518382532
2012-09-14,0.044093109522759244,0.01467778092985772,0.02341290741658031,-0.002744811709897932,0.0016551244768132634,0.028517735706206082,0.024404316415827187,,0.0012117874518382532
2012-09-21,0.020349072097964882,0.06207736359003713,0.02496751926693319,-0.015938075081997516,0.00164997089903407,-0.013263165365288487,-0.021950400181692142,,0.0012117874518382532
2012-09-28,0.002134876527983609,0.027741689825217408,0.029645560043165542,0.0016911684384037784,0.001634155152469452,-0.017800922493312443,-0.02445130625732006,,0.0012117874518382532
2012-10-05,0.0076535325372733,0.01025554032008924,0.02043608569181732,-0.048896060024510635,0.0016604910231943215,-0.015756564115407157,-0.0239869182371949,,0.0012117874518382532
2012-10-12,-0.012337046296804544,0.004614296981715782,-0.006661220174447924,0.003618453972014102,0.0016229499253617163,0.007301744563350088,-0.008066980859104178,,0.0012117874518382532
2012-10-19,0.001444701085203226,-0.012182627484348507,0.0032420104799784077,-0.021700697161884608,0.0016208299217146394,-0.0002549156851439083,-0.03298433033837522,,0.0012117874518382532
2012-10-26,0.003703180663676031,-0.01301921127253336,-0.0030576409147325956,0.012864225381478134,0.0013728226264022592,-0.011460896698131884,0.0006831528064159542,,0.0012117874518382532
2012-11-02,-0.0013320262975060615,-0.0010543687289024106,-0.008630470627706166,-6.868078806521183e-05,0.0018211814219819544,-0.0036451048598842295,-0.03484863548179984,,0.0012117874518382532
2012-11-09,-0.002009617024412824,-0.0029868210100602033,0.003141632960193208,-0.02135254921113483,0.0015957320381772,0.02562075719518586,0.07080378119094144,,0.0012117874518382532
2012-11-16,-0.01973184353704116,-0.008897225561914301,0.006247731579746674,-0.018521112974212772,0.0015920683301211547,-0.0010542985369238478,-0.000815817189152801,,0.0012117874518382532
2012-11-23,0.009427668357853136,-0.01088611154607666,-0.009107540673993553,0.02587565913620682,0.0015983863001651777,0.02050106760278969,0.06390554413719363,,0.0012117874518382532
2012-11-30,0.045009418761694286,0.051629015542413725,0.04164043837955811,0.024804901109782618,0.0016069778283935854,-0.01781405750495768,-0.033113413069883246,,0.0012117874518382532
2012-12-07,0.004685460382481743,0.031309512708740606,0.025285972475008744,-0.014345964092878583,0.0016092597743451176,-0.02335174510868876,-0.01734517760698684,,0.0012117874518382532
2012-12-14,-0.004705929029194422,-0.005190523689018844,-0.013799820746668412,-0.018141652708344336,0.0016067820486398432,0.0027973316838834084,-0.019258255185016226,,0.0012117874518382532
2012-12-21,-0.00542552245287331,-0.00958321963734865,4.5482086495907126e-05,0.0186876345480409,0.001619778893739543,-0.015960100268154753,-0.057882206451116636,,0.0012117874518382532
2012-12-28,0.010371582043889216,0.013718309057632938,0.008107855260537589,-0.023448286385371775,0.0016208138886899537,0.0017089825085498944,-0.005663905577113604,,0.0012117874518382532
2013-01-04,0.018245331252503494,0.037819473612470844,0.038779041486906474,0.048516969072126104,0.0016468785015304466,-0.016561040001415894,-0.00887691587452788,,0.0012117874518382532
2013-01-11,-0.010779335407016033,-0.020928695388698904,-0.019502574535848916,-0.014683128591293282,0.0016264223785780185,0.016065486492755188,0.016872896007378513,,0.0012117874518382532
2013-01-18,0.019004268204933616,0.007285359364409993,-0.004459972471020923,-0.0005468193536500854,0.001619503060990457,0.0015254438275786875,0.046504623237296094,,0.0012117874518382532
2013-01-25,0.0016901919670631038,-0.02650608286392997,-0.03245068440730081,-0.01491008875347899,0.0013778615392425753,0.007158692143958367,-0.03468073705434693,,0.0012117874518382532
2013-02-01,-0.01246985443075066,-0.013986406534294171,-0.0066978262877038786,0.021106707171726358,0.0018352251542832487,-0.011913038636548579,0.015564238213388482,,0.0012117874518382532
2013-02-08,-0.015902899514372182,-0.038452443342660514,-0.03730669628015448,-0.023594215495382542,0.0015977577530865705,0.004842090353976758,-0.016093202482088453,,0.0012117874518382532
2013-02-15,-0.0027272122734395277,-0.03347845341255129,-0.028402386451960693,0.03231202736753147,0.001595740365822662,-0.01569567458397325,-0.03797971331525274,,0.0012117874518382532
2013-02-22,-0.006301609924863505,-0.003182814864359118,0.0031751033511362436,-0.02617380456663565,0.0015892367917902384,-0.020581332129293584,-0.03662090875289448,,0.0012117874518382532
2013-03-01,-0.022323575497850245,-0.04752025014862704,-0.04730739800468353,0.00942087010164272,0.001603559010431077,-0.005152526514490274,-0.00210307075098759,,0.0012117874518382532
2013-03-08,0.039512560498400795,0.03271437790241771,0.026344658813284738,0.02298929786544357,0.001632651248079986,0.0012751467375005099,0.019742594633960442,,0.0012117874518382532
2013-03-15,-0.012294615479246818,-0.014974312577263338,-0.021198084224448466,-0.005165336179961955,0.0016581133459221409,0.005194113643665732,-0.006927908224351742,,0.0012117874518382532
2013-03-22,-0.037674964465620686,-0.0801461655618273,-0.05706319201059251,-0.00775453619081512,0.0017325005514321479,0.012729220364028349,-0.006612582492890984,,0.0012117874518382532
2013-03-29,0.005520752827574693,0.01093040330458206,0.014320769196166205,0.004077435631683057,0.0015400420401798787,-0.004446486208609435,-0.011046659918126145,,0.0012117874518382532
2013-04-05,-0.022753835713123283,0.007242566518869342,0.0074189645745099675,0.015634514555555423,0.002243010346848484,-0.020488635802492938,-0.029811834946176563,,0.0012117874518382532
2013-04-12,-0.004447881026876099,0.010169549974496706,-0.0028341943974046213,0.011595411508318554,0.0016127580276550368,-0.010453876241752091,-0.042629553208414994,,0.0012117874518382532
2013-04-19,0.046042868738005005,0.038844767350669995,0.02276455298053226,-0.010408431435718346,0.0014157514164230278,-0.1057301902206601,-0.1323326511405205,,0.0012117874518382532
2013-04-26,0.015277290063171467,0.008540472034019864,0.0031158635845156546,0.0011982191900574701,0.0018731654820787202,0.04765628135612365,0.03871729980257399,,0.0012117874518382532
2013-05-03,0.01235636891639147,0.02763703886431923,0.00926636493473465,0.022406907848619095,0.001638924384581797,0.006588820005887008,0.0015026740951167294,,0.0012117874518382532
2013-05-10,0.025361709286675582,0.010790438722165119,0.02336822895988755,0.020745284980674406,0.0016321805694230473,-0.007362083246375661,-0.006246306799591483,,0.0012117874518382532
2013-05-17,0.015185168331350862,0.014693123688378718,0.0058923704738604865,0.01879460209160655,0.001608272757069873,-0.041885288399029275,-0.045478544266963294,,0.0012117874518382532
2013-05-24,-0.03293035838438585,-0.04940367375726118,-0.037935444582902544,0.01663434376132944,0.001597626964191301,0.014445410224256605,0.023487648928093297,,0.0012117874518382532
2013-05-31,0.0004011649778730142,-0.0197859382222918,-0.011715088185777378,0.03838349944564046,0.001584540359082398,0.03187409135684072,0.0005931712323303806,,0.0012117874518382532
2013-06-07,-0.017532754514844595,0.0056578456537486055,0.004791959186938977,-0.008115694176129562,0.0015744097205443452,0.027489176621532163,-0.01411027671122822,,0.0012117874518382532
2013-06-14,-0.012344855918423714,-0.05151827533988884,-0.04038544745591888,0.014333479368989321,0.001543002900841195,-0.004059713543583809,0.03054863616462189,,0.0012117874518382532
2013-06-21,-0.02423214695379461,-0.022819655924934734,-0.0231586935345115,-0.0035327054041285333,0.0015440302946050366,-0.033978933110798804,-0.06626602547895721,,0.0012117874518382532
2013-06-28,0.030797649109654435,0.0028361821353919403,-0.011970977962616702,-0.002363448870456031,0.001553702128220813,-0.06130587872202542,-0.015259494929102058,,0.0012117874518382532
2013-07-05,0.004398977469459275,0.0047049539668790885,0.0034359809716983936,0.046019810713392895,0.0016756722436239713,0.04110219038303686,-0.03748111419451894,,0.0012117874518382532
2013-07-12,0.024046098264200344,0.024308718996989276,0.014964358368653174,0.013645950893411696,0.0015400717974578537,0.013193384774297323,0.050123628613924165,,0.0012117874518382532
2013-07-19,0.0033616567336496317,-0.009554373385034842,-0.007110941726227837,0.006703101833364533,-0.0002920464734584849,0.00648098888944082,-0.01819762880204634,,0.0012117874518382532
2013-07-26,-0.023717905421547947,-0.024557229301833017,-0.036264576102810975,-0.0012206947016515368,0.00033171622811578594,0.02040415131178208,0.003030025139314718,,0.0012117874518382532
2013-08-02,-0.035387904939867765,-0.07148556887962543,-0.07100207918894508,0.06094445122612857,0.002116586790481323,0.004936141480225142,0.03217452296847845,,0.0012117874518382532
2013-08-09,-0.019769633479037707,0.01322757148078968,0.009598112973683515,-0.014819130975333605,0.0019023675692091402,0.013849522154341765,0.029856137457608733,,0.0012117874518382532
2013-08-16,-0.010385095308125591,-0.0006781849094957826,0.00377992876712252,0.010045768664371346,0.002288254205873752,0.08498308448365299,0.1531356440330236,,0.0012117874518382532
2013-08-23,-0.006554299230404181,0.008596079930177636,-0.000729359461884127,0.06304267420251541,0.002071814457082599,0.016758028936978198,0.0701787340635085,,0.0012117874518382532
2013-08-30,9.10214967797529e-06,-0.007793827118071861,-0.015316986056734705,0.02841440516990512,0.002069089731661755,0.0029966896673696564,0.034363105662846616,,0.0012117874518382532
2013-09-06,0.03812275761213879,0.029583746338146533,0.029370479756702483,0.01737665788995546,0.002158694297349273,-0.017943579579716484,-0.004685614893815027,,0.0012117874518382532
2013-09-13,0.029962713583294498,0.030298065828565868,0.028358849016069554,-0.051712737914357154,0.0020410678949835948,-0.03140246899812327,-0.12398143804529493,,0.0012117874518382532
2013-09-20,0.027604005965934375,0.02919396906752203,-0.007414423325762365,0.0027940759993239084,0.002105844649193722,0.01581312094188747,-0.013184685600112878,,0.0012117874518382532
2013-09-27,-0.029756640680931423,-0.011051296175053404,0.0007705126706460952,0.0017413724957093812,0.002020599441364457,-0.00442486724686475,-0.011616394507345418,,0.0012117874518382532
2013-10-04,0.012703080109361942,0.022061668316144978,0.01623287499855053,-0.01082747608827761,0.0020228633834593612,-0.0043731068736933,0.00013173319826931262,,0.0012117874518382532
2013-10-11,0.03197745109789518,0.02601527900319578,0.03757022227314666,-0.020184797140700983,0.002004889826614731,0.006274804012821766,-0.02809669043816132,,0.0012117874518382532
2013-10-18,0.01527999398959623,0.009358627071519132,0.003977948978072909,0.02808241966830871,0.0019089545265653651,0.0288798720065766,0.02229411650305524,,0.0012117874518382532
2013-10-25,-0.007181722573640137,0.0025219431754173183,0.01339326634490301,0.02173257455173694,0.0018743455368213091,0.030406935390455914,0.039484161164796694,,0.0012117874518382532
2013-11-01,0.02641219475468537,0.04831428915857949,0.030304905840010443,0.009854697025315717,0.0018753312677044498,-0.03171110511790365,-0.023261704408207073,,0.0012117874518382532
2013-11-08,-0.02639050452785774,-0.004634699752583904,0.011633474547260825,-0.0003381627644649665,0.0018251549941910028,-0.0034537446683846618,-0.012899537227627933,,0.0012117874518382532
2013-11-15,-0.01377683469547697,-0.008461494337709818,-0.01278283405271452,0.021988107391844425,0.0015465545646682344,0.009770129604044886,-0.024751040079735276,,0.0012117874518382532
2013-11-22,-0.01002282110087116,-0.0063407383886116,0.0081702705072495,0.009551714462668004,0.00200925685534159,-0.006536586283734991,-0.04232015662820465,,0.0012117874518382532
2013-11-29,0.030131165543663352,0.04493220341167059,0.027097354972377863,0.0072130831785344185,0.0017571924722392662,-0.0014235743676879187,-0.0029225797711219803,,0.0012117874518382532
2013-12-06,0.01356840131514403,0.013614142897324433,0.01609091837113885,0.005254876826378929,0.0017251882865279011,-0.010448569796922436,-0.038826422047838594,,0.0012117874518382532
2013-12-13,-0.014616847142514544,-0.024778663186475924,-0.01625372819529236,-0.0027293340276739464,0.0017246203998104725,-0.010049343963738577,0.014293267512687224,,0.0012117874518382532
2013-12-20,0.017160057605219547,0.03925031839693527,0.03356533138881135,0.025419812660820273,0.0017148153433281799,-0.02065773621172473,-0.002417545532236609,,0.0012117874518382532
2013-12-27,0.006303511126827921,0.02686206363714927,0.033474233047099844,0.015018493239508102,0.001702824650858803,-0.005726366545526496,0.021236269452078016,,0.0012117874518382532
2014-01-03,-0.016258022984438125,-0.011295067089202138,0.003604834168127402,0.006595985336247834,0.0017394297089012856,0.008001151354840808,0.01121448330126884,,0.0012117874518382532
2014-01-10,-0.006391683932192582,-0.02430108856004276,0.0011714859755511675,-0.008545151406878615,0.0017041385774196893,-0.004737298643080701,-0.00357456939829659,,0.0012117874518382532
2014-01-17,0.014615642057641542,-0.008843636036753755,-0.02027844680843016,0.004644312650500915,0.001674670313664306,0.0015805864865019448,-0.0025790125315529044,,0.0012117874518382532
2014-01-24,0.0008144974145458672,-0.005895160833191637,-0.0032708061930244448,0.013912954125030463,0.001679039318527531,0.003518895763092056,-0.014593922721914399,,0.0012117874518382532
2014-01-31,-0.028284198348426215,-0.024064166937793008,-0.022932859467957423,-0.022358625200466054,0.001653485701600621,-0.0002711141336031453,-0.029511742054801227,,0.0012117874518382532
2014-02-07,-0.004318877524837839,0.00595903097467998,0.007827913996222069,-0.003138999875295312,0.0016352320504700035,0.0033809486533209476,0.04132031504861833,,0.0012117874518382532
2014-02-14,-0.0024492177691461947,-0.02378842294092942,-0.005278445095010409,0.023976651237991975,0.001643067898352335,0.012721362345295306,0.0734676160364085,,0.0012117874518382532
2014-02-21,0.01770732446485712,0.023078097733020497,0.02700979834118522,-0.003338760795712048,0.0016439011035984663,0.012081221023507505,0.01676675990867471,,0.0012117874518382532
2014-02-28,0.01973860499960267,0.012749869040606487,0.012786590848343993,0.0004407911473869319,0.0016540656773404994,0.002162390540044301,-0.02803606718760865,,0.0012117874518382532
2014-03-07,0.03978041871635707,0.05049568726018827,0.03049944396401827,-0.0014980127758825734,0.0016952463764841053,-0.010086847682931999,-0.03386473890394881,,0.0012117874518382532
2014-03-14,-0.003439698370091504,-0.005618959599674067,-0.007595076063860562,-0.0060451412854417574,0.0017479074054220778,0.005369509164805164,0.03441309021312633,,0.0012117874518382532
2014-03-21,-0.0016912148565056961,0.01761446795787469,0.028032200307031907,0.009899737606191783,0.001792091473158841,-0.026069484197916437,-0.053307134024721425,,0.0012117874518382532
2014-03-28,0.031217227396989955,0.055745915188269546,0.035160624622285974,-0.05402435543875639,0.0022250097476372854,-0.02772652569072953,-0.04273868393770297,,0.0012117874518382532
2014-04-04,-0.00023145577295102804,0.02336041668213351,0.032930812531645204,0.01143123999461837,0.0018569704573407897,-0.008208962642637485,0.010382516483111282,,0.0012117874518382532
2014-04-11,0.012241622537778829,0.03724226244460116,0.03502671607627872,-0.030138753780893923,0.0017752126547170288,0.01599071373452876,-0.0011896392331494088,,0.0012117874518382532
2014-04-18,0.0004574912187482738,-0.004839024781217005,-0.003243606507986385,-0.01459026791425877,0.001497681283939345,0.012580122349652889,-0.01822306370789828,,0.0012117874518382532
2014-04-25,0.0004941584365147911,1.946997411828022e-05,0.014631478519806729,0.04797611715642769,0.0019407668636961528,0.021399648873027477,0.019567384400617227,,0.0012117874518382532
2014-05-02,-0.012966745835022664,-0.012117021193746358,-0.009245668906278759,-0.01862386016229267,0.0016843917504270056,-0.005483401668608945,-0.02568118409497311,,0.0012117874518382532
2014-05-09,0.024496624960341995,0.016852991182653154,0.018175285562411103,-0.010563702050270574,0.0017081625803028189,-0.007309653253063875,-0.024708325336896486,,0.0012117874518382532
2014-05-16,0.05018373550971167,0.09466005052116144,0.04236426979680341,-0.01828227246973546,0.0017062004955610277,-0.022488376916087738,0.0011456366702096155,,0.0012117874518382532
2014-05-23,0.022782187651846364,0.12968492686537925,0.16442788217730575,0.00875796185651545,0.0017023135563112302,-0.055746757189536034,-0.012843409483111912,,0.0012117874518382532
2014-05-30,-0.018616538465030863,-0.045139243818065,-0.022702018089094222,0.06287272025519153,0.0016816386929958682,-0.02305073633943555,-0.027641683073981294,,0.0012117874518382532
2014-06-06,0.04888687992075069,0.10533564956047092,0.08809516636835046,-0.017907641730058765,0.0016744642266270926,-0.007543827651787516,0.021158628097756926,,0.0012117874518382532
2014-06-13,-0.0054460802831637345,-0.04572026249920136,-0.014846629836967051,0.00425008738310062,0.0016547611354127412,0.015748177230037408,0.03773079161723669,,0.0012117874518382532
2014-06-20,-0.004063841893755082,-0.009249426944526795,0.009833378007307436,0.024345840187709245,0.0016493247469895334,0.038670531092877214,0.0821415238516956,,0.0012117874518382532
2014-06-27,-0.0003528467281396219,0.029639287419574556,0.025311902687949805,0.00875168820688299,0.0016344355560857782,-0.003276642814940778,0.005108060432453376,,0.0012117874518382532
2014-07-04,0.03233543299651931,0.047103067198792425,0.04354257474787748,-0.009116163550667133,0.0016885894386227118,-0.007939677663680644,-0.010089191605082037,,0.0012117874518382532
2014-07-11,-0.03766964192183864,-0.11844916620486445,-0.07685061910241175,0.006577809651692634,0.00162417082903632,0.017421096405377368,0.028044835199955154,,0.0012117874518382532
2014-07-18,0.027387500940122766,0.06109882519839127,0.051669206344101104,0.0012363068281107115,0.0016089242832455497,-0.01121834763145535,-0.02009993676597366,,0.0012117874518382532
2014-07-25,0.016512519028340833,-0.02721117376904114,-0.01797461311080728,0.04440818235382937,0.001613633556221572,-0.016989635639620526,-0.020801250274077754,,0.0012117874518382532
2014-08-01,-0.024112868055979453,-0.00023991280668933523,-0.014795796771189695,0.02170332840905642,0.0016168533151561526,0.01064036784109823,-0.0007598572160001371,,0.0012117874518382532
2014-08-08,-0.004478769438267194,-0.014925423268065341,-0.010007493652209098,-0.016407044601309595,0.0016188415961759794,0.0268346844474332,-0.0136106694128596,,0.0012117874518382532
2014-08-15,0.029483903308239245,0.007843774134133064,0.0003350618584618825,-0.00302515119745439,0.0013922974698061807,-0.007609658050877655,-0.03026448783344915,,0.0012117874518382532
2014-08-22,0.015593515786592294,0.037785423022677955,0.04200950257177216,0.018079860736544662,0.001857047402117784,-0.02054947144711128,-0.009895099932195728,,0.0012117874518382532
2014-08-29,0.005200159395452486,-0.027606178660004477,-0.006019372571118731,0.010473165695832565,0.001399409911004179,-0.001185034227858428,0.004729207301742866,,0.0012117874518382532
2014-09-05,0.016657551952489635,0.04363863042023963,0.033930358237227676,-0.0018435098965686736,0.001874881573304954,-0.016551623540766114,-0.020185602095708743,,0.0012117874518382532
2014-09-12,0.0023062010694565593,0.028334890646996014,0.04547197902435873,0.008659981304617093,0.0016357409678842139,-0.010976194806975093,-0.02100565937550125,,0.0012117874518382532
2014-09-19,0.0019678237385107877,-0.02310560109057369,-0.00203397018846474,-0.0006510720842114459,0.0016511301264994227,-0.008238492233033967,-0.04314075921952443,,0.0012117874518382532
2014-09-26,-0.01878975970871888,-0.05080719752208407,-0.06553500978626048,-0.01302930381851053,0.0016559646827463137,-0.001310535446680361,-0.0041405237018597996,,0.0012117874518382532
2014-10-03,-0.002923921605151425,0.003818766392724715,0.016640855775375885,0.014892741932501341,0.0012356193615263855,-0.002826520231749896,-0.04066166695497431,,0.0012117874518382532
2014-10-10,-0.010773277051828511,-0.004219864090170278,-0.007329170496207182,-0.026096508383580796,0.0021532411328077927,0.0067419864477531455,0.021100537533794483,,0.0012117874518382532
2014-10-17,-0.010209988359450306,-0.011332533675645129,-0.02251130165357018,-0.03689631805840998,0.0016497477869374944,0.01061839907756812,0.013279689271358253,,0.0012117874518382532
2014-10-24,0.027790236333466556,0.03865752388792876,0.025880610115306846,0.042946877097980174,0.0011663466429454594,0.005372822848741521,-0.01797434239624429,,0.0012117874518382532
2014-10-31,0.04080845145061218,0.02959068485024141,0.03648908564264053,0.04271585966016289,0.002131270110752981,-0.03924940999151261,-0.05714942883096352,,0.0012117874518382532
2014-11-07,0.00177835239962576,0.0069382787659668654,0.013879061719016095,0.020761931589164062,0.001646661420276363,-0.01516275334061068,-0.022558074272788664,,0.0012117874518382532
2014-11-14,0.00634525496281646,0.02055096082854102,0.011898601978412193,0.006675757505582691,0.0016212743351684544,0.00010453630090867527,0.04060908537638652,,0.0012117874518382532
2014-11-21,0.010423153396161622,-0.006382416622202514,0.0015626914919242285,0.0042659044964639126,0.0016213478599891307,0.0170470512594032,0.010350747312900088,,0.0012117874518382532
2014-11-28,0.013081964969612336,0.01654924400425628,-0.009030294136813777,0.02367164318497772,0.0016075561889596912,0.004812462097408821,-0.05609844642386774,,0.0012117874518382532
2014-12-05,-0.005816108673187159,0.011321260617052076,0.01996427634524922,0.03919421807666246,0.0016039487989691903,-0.006488217521903761,0.04446185211090081,,0.0012117874518382532
2014-12-12,-0.03679891811013769,-0.05384653359024749,-0.03580088263758774,-0.02007403403953978,0.0015932051883211784,0.024391712139792077,0.06255062128155364,,0.0012117874518382532
2014-12-19,0.0001338244901905039,-0.00047384089246904626,-0.012076242801831172,-0.03689573102251764,0.0015779609763673097,-0.009894354554737195,-0.052732561727691696,,0.0012117874518382532
2014-12-26,-0.0029786509043223663,0.007142049537308237,0.008845647450982819,0.00942339808101611,0.0015830528068574434,-0.00012188001118229597,0.016045337740280274,,0.0012117874518382532
2015-01-02,0.023747972168439713,0.030992815613601676,0.04687276293117404,0.010097595726097142,0.0016437799456925362,-0.004123812638986646,-0.03091782188514991,,0.0012117874518382532
2015-01-09,-0.013215514681326757,-0.015627116047601586,-0.008191426677129687,0.013919780843065555,0.0016060426361295121,0.0021010248964563605,0.03549044237112642,,0.0012117874518382532
2015-01-16,0.027678170642464917,0.025181847466658303,0.023477585800136813,-0.059453811940308854,0.0016184603474966863,0.030858849287191292,0.072032953679533,,0.0012117874518382532
2015-01-23,0.037797436170665444,0.004524448628034028,0.006862576441205137,0.0008306925584207203,0.0015953789493337034,0.017830694275182246,0.02308312947768809,,0.0012117874518382532
2015-01-30,-0.003021777800079395,0.01359926254851973,0.0032820418897352432,0.021619657910573853,0.0015949258763816587,0.0005819807252187559,-0.056701959443286154,,0.0012117874518382532
2015-02-06,-0.016784227245304373,-0.032223371775351284,-0.02023562346063912,-0.018840897545978397,0.0015942326595665968,-0.011167989205004392,-0.030886623228371102,,0.0012117874518382532
2015-02-13,0.016678139321439023,0.017818230342147467,0.022617966426361047,0.04885455295346097,0.0015896433989182057,-0.019921545888863412,0.04330903928523244,,0.0012117874518382532
2015-02-20,0.003191142964624305,0.004191091606688957,0.013503581459768155,0.01654137322359328,0.0015934439872358208,-0.010983510196057256,-0.0588208487316203,,0.0012117874518382532
2015-02-27,0.0012452454816183067,-0.00282584823919807,-0.004280341028065626,-0.0009985364767717275,0.0016008386203323344,-0.014220752708774542,0.008659258218006727,,0.0012117874518382532
2015-03-06,0.010531894572849199,0.01087033038901053,0.01820786509421546,0.0011476006651889303,0.0014095925507506823,0.008515983928047088,-0.033482437053584224,,0.0012117874518382532
2015-03-13,-0.032446644849095096,-0.018300962292980838,-0.0141881992912124,0.01767485292349269,0.0018502934354625022,-0.026715765814049774,-0.018005413533871417,,0.0012117874518382532
2015-03-20,-0.008886659463444246,-0.012901668292544799,-0.02876652823544945,0.015551246776212002,0.0016206034593853058,-0.004390163609156339,0.08890452504741075,,0.0012117874518382532
2015-03-27,-0.026776650006460345,-0.019152889439718823,-0.03030984489224331,0.0017888814202411396,0.001657738089102745,0.01608430269394967,0.01656632192622598,,0.0012117874518382532
2015-04-03,0.029353537524728912,0.020555436766748425,0.0631480149532957,-0.004285744258335611,0.0012745495438617471,-0.0024385210168615945,-0.03174294339549899,,0.0012117874518382532
2015-04-10,0.022605865118648927,0.037407553649857705,0.04796133200431263,-0.015961252088214972,0.0025191336942582687,0.008307113479579797,-0.016649840780321612,,0.0012117874518382532
2015-04-17,-0.01985679581469546,-0.0032143831805379053,-0.023567360293727302,0.002369255889299593,0.0016193864063509533,0.004088535962101458,-0.00891118887505049,,0.0012117874518382532
2015-04-24,-0.034946548919358555,-0.03998738850779526,-0.05402197707163359,0.010909063165838173,0.0015992521968075657,0.006547710018700359,-0.02151459403686018,,0.0012117874518382532
2015-05-01,-0.014900213720237199,-0.028246449546929897,-0.0071193352574965285,0.040071955072195964,0.0013706967635074285,0.010021955136208405,0.03455179795481089,,0.0012117874518382532
2015-05-08,0.0012222697549348904,-0.03422949795460983,-0.012822786673491016,-0.00020746391166903688,0.001810963345966643,-0.008050750021593722,0.029525718252382704,,0.0012117874518382532
2015-05-15,0.00864916185985476,0.05065063699653116,0.010847598245841805,-0.010377789352128297,0.001581473826158586,0.0171654798418579,0.055860989270342776,,0.0012117874518382532
2015-05-22,0.023794755152266145,0.01147683155755308,0.013712108918107146,-0.01174498199226326,0.001616953980997815,-0.009096193513378648,-0.026015945429713416,,0.0012117874518382532
2015-05-29,-0.00299089178956502,0.009505406871265665,0.005955945324132905,0.006968042869469615,0.0016035229638846626,-0.00962255960162195,-0.017252998552145238,,0.0012117874518382532
2015-06-05,-0.03781875943862345,-0.053707751936693526,-0.04464823364678361,0.01830060455093152,0.0015773505665979126,-0.006341855876597302,-0.04009589744002995,,0.0012117874518382532
2015-06-12,-0.016242164195404918,-0.032060439045422995,-0.028613134140629826,-0.034839608032286584,0.0015559830899942728,8.185777987179677e-05,-0.009610789173420287,,0.0012117874518382532
2015-06-19,0.030321098338923713,0.037363767186117114,0.03422845020200316,0.004538985375039495,0.0015392447944340137,0.005134068011146686,0.01244933551415639,,0.0012117874518382532
2015-06-26,0.01898484615159024,0.01354585176864287,0.019466788344650654,-0.008787837105222018,0.0015205910269155964,-0.014774072727351761,-0.024970756997379495,,0.0012117874518382532
2015-07-03,0.012385102920610791,0.01596683179144276,0.018524612884764258,-0.015075379292629698,0.0015759958370287208,-0.010699416299490005,-0.011603942450284288,,0.0012117874518382532
2015-07-10,-0.014655515116582363,0.007911010090941195,0.013648373615815279,0.000291524052854486,0.0015227045587307142,0.0012527428888782222,-0.007729579136509956,,0.0012117874518382532
2015-07-17,0.029818589747258706,0.03359094277537267,0.034324052465142474,0.01621246340594462,0.0015206764127539962,-0.01557681266126909,-0.04010874430621547,,0.0012117874518382532
2015-07-24,-0.010255673292057677,-0.005106195743873165,-0.0008978078398953482,-0.0068475957101921114,0.0015116055415811402,-0.031328774238506996,-0.017512368886734686,,0.0012117874518382532
2015-07-31,0.001326026948910597,0.007077090859187729,0.016987868485897284,0.0035376353310760944,0.0015039741594524703,-0.007325586875706169,0.02288851706710715,,0.0012117874518382532
2015-08-07,0.003720914050227231,0.02795004809830215,0.019012615594834248,-0.009352457865775654,0.00149420275497536,-0.003833016513323906,-0.0012859429153806445,,0.0012117874518382532
2015-08-14,-0.005376760944795667,-0.03437950299986181,-0.03867101166542253,0.016267245436838218,0.0014784533529041965,0.039517010288319554,0.051334250040742546,,0.0012117874518382532
2015-08-21,-0.02566159902648113,-0.021780457451677004,-0.010804522523931381,-0.00350155341778835,0.0014560205575682161,0.03992935084495364,0.008942172535735926,,0.0012117874518382532
2015-08-28,-0.03590382990108776,-0.05882617953046598,-0.04934583964303452,-0.022445301698928555,0.0014433524477779347,-0.012662360692534014,-0.04144221262088421,,0.0012117874518382532
2015-09-04,-0.043351980724425476,-0.052207590918566416,-0.03766810998985426,-0.00234738762355724,0.001447605137030017,-0.002651936251732989,0.0022098025055214965,,0.0012117874518382532
2015-09-11,0.017537443050702706,0.02682082283745646,0.014385495219516153,0.036764704851130814,0.001421578587447625,-0.01084381058282502,-0.0013185743384585003,,0.0012117874518382532
2015-09-18,0.02472624016093783,0.01807209994863035,0.00858175173505682,0.023014189726533463,0.0014275178121150311,0.01257978430008877,0.04271815174246396,,0.0012117874518382532
2015-09-25,-0.01420713160164433,0.010022107001709468,0.010247995741287985,0.004540837021167032,0.0012485806249695752,-0.000290364801836307,-0.001675027484742131,,0.0012117874518382532
2015-10-02,0.010472123320041993,0.01651135819199223,0.013411014581860892,-0.016597619065483404,0.001559859774164174,-0.01821535545236741,0.0007990664230177469,,0.0012117874518382532
2015-10-09,0.030034372951715405,0.03078376585308118,0.027031101565404114,-0.0034738386918100606,0.0016981100844888353,0.019609863123769555,0.026342367063147742,,0.0012117874518382532
2015-10-16,0.0059159913253272745,0.020394609845350686,0.01620275880343569,0.003521140239892029,0.0014338007650316342,0.014963423147498878,0.015227032347901126,,0.0012117874518382532
2015-10-23,0.006955421055763633,0.004157758289522029,0.0044486941387564816,0.0,0.0014463931640404937,-0.0023890833899232744,-0.013603895183715187,,0.0012117874518382532
2015-10-30,-0.027683897222934073,-0.021856110772249804,-0.024184886402314976,0.06214034766481635,0.0014407393355100329,-0.0008801225737775642,-0.009970865434702603,,0.0012117874518382532
2015-11-06,-0.013823799585901075,-0.029268590133950334,-0.024745261123961138,0.007069495641093049,0.001424343831897712,-0.0316104168205229,-0.049889728186761295,,0.0012117874518382532
2015-11-13,-0.02414414963015654,0.0029902238994785613,0.008290418218242612,0.0077415140662657755,0.0014238013800715876,-0.017876056960442477,-0.030787825181011863,,0.0012117874518382532
2015-11-20,0.01214851424361485,0.02860153628405593,0.022382538152909026,-0.02363203724771601,0.0014283730689323981,0.00262792999362782,-0.006273140301527036,,0.0012117874518382532
2015-11-27,0.010965422834028127,0.022492606179333796,0.01685459128946465,0.00030001235532028936,0.0013987333727896178,-0.007347391828744332,0.00016034897985472973,,0.0012117874518382532
2015-12-04,-0.02024504123467341,-0.009064900973917656,-0.003347826134656895,-0.0015664237473425047,0.0014049735411187925,-0.005237540747619507,0.039291350043507034,,0.0012117874518382532
2015-12-11,-0.02203185715349698,-0.04204408541500959,-0.0303378720888825,0.007377199273454149,0.001371052057228983,0.002610772330311706,-0.04477948165329748,,0.0012117874518382532
2015-12-18,0.019906838112325298,0.03141619944442153,0.032240197394523884,-0.015309162333396964,0.0014188968252279999,-0.01297657640296479,0.010971930615108816,,0.0012117874518382532
2015-12-25,0.01276735960440023,0.015320134904013072,0.022482964726516785,0.004206488143385201,0.001016621272107665,0.008640161293298476,0.015842106161700453,,0.0012117874518382532
2016-01-01,0.01085100528403804,0.014405830385028073,0.018274567683566056,0.01129318379641453,0.0019225209714377467,-0.005972323779156352,-0.0369771157386557,,0.0012117874518382532
2016-01-08,-0.04341615908689411,-0.015592092150343406,-0.027625187689769293,0.04049307914574185,0.0014330152999599832,0.03530393402156373,0.016735104388189814,,0.0012117874518382532
2016-01-15,-0.02151595320141586,-0.09360635935552697,-0.08741460998277673,-0.02633756924693076,0.0014127546884366016,0.004151292891811709,0.00398770086033462,,0.0012117874518382532
2016-01-22,-0.002063729836520478,-0.0017557255578132258,-0.020170744525408457,-0.04104926447014323,0.0013857064400029095,0.006644138952178746,0.019026195238570853,,0.0012117874518382532
2016-01-29,0.01900984252667781,0.016880934029281924,0.028336176206159802,0.023228042070704724,0.0014180681256332761,0.015547419665949969,0.017503791779113875,,0.0012117874518382532
2016-02-05,-0.00984322295135942,-0.022629925632746795,-0.031477320385367435,0.006966886561619923,0.0014217835119831879,0.02548126837761755,0.029538381211021925,,0.0012117874518382532
2016-02-12,-0.0678519309019221,-0.09916478640438531,-0.09300456057121276,-0.023503740317717958,0.0014577938402975388,0.05818683604776109,0.08355476704641229,,0.0012117874518382532
2016-02-19,0.03291812693948226,0.030714772698238857,0.018280102773969187,0.01732326262538675,0.001241110130950407,-0.006540703472684317,-0.02510935101439682,,0.0012117874518382532
2016-02-26,-0.025101411087612213,-0.03302346868537054,-0.031381357406254695,-0.037655404672327086,0.0016009695591350237,0.008861267965946551,-0.040962613675421644,,0.0012117874518382532
2016-03-04,0.06481028452736592,0.09974573644414919,0.08250582352020408,0.029640947015546537,0.0015644571189337153,0.012141205669514266,0.041868142450061985,,0.0012117874518382532
2016-03-11,0.0033198310475859305,0.008140330237579319,0.007372573954353312,-0.017454212087670173,0.0014978730983268296,0.00014993383820827155,-0.002258375310601357,,0.0012117874518382532
2016-03-18,0.012536270657939719,0.011563550036552739,0.004798825560293318,-0.000479187402620207,0.0016045737511898306,-0.01842172575214107,0.002263407936110573,,0.0012117874518382532
2016-03-25,0.014748124547594887,0.029695333683225744,0.01694249505557166,-0.006574872872815107,0.0011084423312062164,-0.017030018692585247,-0.03472507210069187,,0.0012117874518382532
2016-04-01,-0.00044711920073869926,0.028759271370935036,0.015226774767898021,0.01627025571686813,0.002539823957077969,0.0017674630610964304,-0.01948805034691181,,0.0012117874518382532
2016-04-08,-0.020465265150896528,-0.017070905120476598,0.007393041507219866,0.010480971832998787,0.0017362379690923913,0.01820577354512576,0.030799870237503857,,0.0012117874518382532
2016-04-15,0.03907904388598249,0.04219581990158683,0.029085639664223173,0.0003020667563689017,0.0013064831728737403,0.0033514073106848397,0.058010709263593974,,0.0012117874518382532
2016-04-22,0.006222523315181139,0.013500832383313899,0.013922308433537811,0.006006740237415098,0.0019481056636327931,0.013360634398647209,0.03404903976074247,,0.0012117874518382532
2016-04-29,-0.006266378188434674,-0.00896026623307633,-0.007792029088957597,0.00070048728720562,0.0015126132549800886,0.017716666925047253,0.05168138122114696,,0.0012117874518382532
2016-05-06,-0.014821984288761358,-0.008860560355738012,-0.010229539707117263,-0.025800005594889375,0.0015111104832976618,0.004103632119467848,-0.01342322624959269,,0.0012117874518382532
2016-05-13,0.010532130546417662,0.01090097282017477,0.02044330888669288,0.019605828971272388,0.001497579182376807,-0.0032804369889107843,-0.020203946948176843,,0.0012117874518382532
2016-05-20,-0.008342999634799675,-0.013806415253218463,-0.015082068656257719,-0.006174704405444764,0.0014947485049023879,0.001195135233560185,-0.024325829072882832,,0.0012117874518382532
2016-05-27,0.05251167100340193,0.028136571347040062,0.008717602335227337,-0.01897687925043612,0.0014826685339217605,-0.01522467103306624,-0.02414897719982234,,0.0012117874518382532
2016-06-03,0.007864736517049442,-0.010902127117121796,0.005977071595405947,0.011943693528531973,0.0014684148909025474,-0.02010374280253535,0.011234661935964008,,0.0012117874518382532
2016-06-10,-0.006173365269284692,0.015131341919572217,0.023850267734774055,0.00034014384393166175,0.001456013657496813,0.0194694475005035,0.050606912285557915,,0.0012117874518382532
2016-06-17,1.8407553025401313e-05,0.003973859724511808,0.01701763600371642,0.0027201606297557746,0.0014531486410183092,0.013161050622306991,0.013431189272292032,,0.0012117874518382532
2016-06-24,-0.009987527319473388,-0.014699575309995994,-0.020797274484265493,-0.01047812877779053,0.0013992810458927085,0.022387237745710165,0.021139321065983818,,0.0012117874518382532
2016-07-01,0.02964042094109942,0.05682326902522461,0.06279027699849071,0.014804191683146728,0.0015444463739626713,0.009912218031259412,0.10313637135894504,,0.0012117874518382532
2016-07-08,-0.0006182994595596014,-0.001243555207171787,0.009916388972206258,0.004119803363974661,0.0014516993024571434,0.011456753931292196,0.02623884418814959,,0.0012117874518382532
2016-07-15,0.026215901359117444,0.0038766646921322145,0.0013112251607099168,0.00810490051639201,0.0014066957143472614,-0.013267748279385039,-0.00645578693107185,,0.0012117874518382532
2016-07-22,-2.343823065831252e-05,0.007286580351139493,0.008276208210325375,0.0006672157017502123,0.0013868414021933617,-0.0038800411461021866,-0.018636746222243983,,0.0012117874518382532
2016-07-29,0.01139181876815143,0.030712160809637012,0.01401663228418859,-0.006800922491357442,0.0013616634560755791,0.0038772142671186227,0.031059628128817574,,0.0012117874518382532
2016-08-05,0.005168766640620381,0.004235440230908605,-0.004172993719612217,0.01668232222258359,0.0013490719684225994,0.040714524204734204,-0.02860386627390399,,0.0012117874518382532
2016-08-12,-0.010480067245898561,-0.008556806493913327,-0.011445039051601213,0.013536262451780301,0.001345748640772193,-0.013710639448609285,-0.006962931220668489,,0.0012117874518382532
2016-08-19,0.008699801167535437,0.031849937227285574,0.027345193913542065,-0.003322560500802818,0.0013404048783582923,-0.0014981018549775627,-0.01768320417871705,,0.0012117874518382532
2016-08-26,-0.010886312486013905,0.002973071692528695,0.001082238069540331,-0.012975107283295206,0.001318534600784016,-0.008513738207641341,-0.03130467191091324,,0.0012117874518382532
2016-09-02,0.027658117052624442,0.031275895368189754,0.009957009602743039,0.004238355921098336,0.0013174298388363148,-0.018827746664531242,0.03056251924370601,,0.0012117874518382532
2016-09-09,0.006475830726291987,0.01581528337883764,0.02182373242208069,0.008968651886601009,0.0013026367614219492,0.00936136985124314,-0.004825607212652572,,0.0012117874518382532
2016-09-16,-0.009795141825525433,-0.013695216462851878,-0.00850254243985027,0.0021242004329182773,0.0012930167334015419,-0.0014569360382984398,-0.02011509932262545,,0.0012117874518382532
2016-09-23,0.005888505795964338,0.02017139430964421,0.01535310070037288,0.010924476584738274,0.0013027217357277632,0.010747141318782516,0.047110627720319265,,0.0012117874518382532
2016-09-30,-0.02495591588528656,-0.010211296337356401,-0.020369581489740884,-0.019258068453881005,0.0013724060016275796,-0.005298806198874684,-0.027281910738327086,,0.0012117874518382532
2016-10-07,0.010039218319089827,0.04357716945989165,0.03821066536028872,0.010327901104697501,0.0013673099759601293,-0.022476292322840985,-0.09658280314448708,,0.0012117874518382532
2016-10-14,-0.01312996963287505,-0.008699997790199143,-0.008664105304995062,0.025881437014648068,0.0012622562336819243,-0.004526197536863452,0.005441669374912417,,0.0012117874518382532
2016-10-21,0.012774589215512,0.012413754299097635,0.021874236700706762,-0.0037446063015502684,0.001284910513670967,-0.0016368425485541183,0.004022978248409359,,0.0012117874518382532
2016-10-28,-0.006332622718647651,-0.01147782113207707,-0.0034914005826796046,0.011944957977755966,0.0012546469284713258,-0.003279052389578374,0.018935962253613825,,0.0012117874518382532
2016-11-04,-0.02364551979624918,-0.05120141125994382,-0.04444442131482185,-0.005445510820206723,0.001339123372435802,0.013268960695455467,0.029281437365896945,,0.0012117874518382532
2016-11-11,-0.01629763691270192,-0.025465313963423664,-0.030857584439419217,0.0006962703716733021,0.001321698796650006,-0.006439366025372317,0.017681950110880695,,0.0012117874518382532
2016-11-18,-0.026782989074925267,-0.037013123823813276,-0.04847796993724207,0.025491800717358126,0.0013474197610534588,-0.03846920963195999,-0.09278049574920155,,0.0012117874518382532
2016-11-25,0.004978846750106403,-0.0030682971522686397,0.008939545346090982,0.0803108841817477,0.0013568992651549205,-0.0052488458999603305,0.0022674251498095988,,0.0012117874518382532
2016-12-02,-0.003389078621930386,-0.0012503383984919791,0.007247403313588308,0.06863079071003386,0.0011839611978148312,-0.015298176807008845,0.009723308532999964,,0.0012117874518382532
2016-12-09,0.02163404554804127,0.04125740143727086,0.01827913803584158,-0.014212376895195944,0.0010886258414839478,-0.007941452486395106,-0.0033880092062358313,,0.0012117874518382532
2016-12-16,-0.01480313549641421,-0.02005575120778369,-0.014735695429089146,-0.034065038414723525,0.0012450950527245208,-0.028211698657288453,-0.037805406815024534,,0.0012117874518382532
2016-12-23,-0.01888336332606544,-0.029431995503186315,-0.028012009269300586,0.01001594781625359,0.0012252209842602557,-0.005798086763314392,-0.02789702010622419,,0.0012117874518382532
2016-12-30,0.02505084740788277,0.017475144934324227,0.02072851682599186,-0.013861126369900223,0.001233761444555892,0.03149253956906328,0.01619436912220107,,0.0012117874518382532
2017-01-06,0.007085440810168153,0.02850668187023042,0.037717047886544064,0.008478597571943691,0.0013026387716916776,0.013179417651044245,0.03021607057993858,,0.0012117874518382532
2017-01-13,0.01899000562804609,0.018849409551406238,0.022468921715170342,0.02368592345523246,0.0012195965876664605,0.01795340399420131,0.021369870305542715,,0.0012117874518382532
2017-01-20,-0.00607117588809436,-0.0061625256475009715,0.0015224179723156706,0.020845836484491675,0.0012467069443122814,0.00897900730331247,0.01598210736141681,,0.0012117874518382532
2017-01-27,0.03496085375287694,0.03464814709546982,0.02938044759198366,0.026246816837441234,0.001243720180044594,-0.017723305516402776,0.006927253694337887,,0.0012117874518382532
2017-02-03,0.011537705229278217,0.029255972903184713,0.030944778717572508,-0.044978674713602174,0.001258215708294319,0.008735460241076076,0.007412835418878272,,0.0012117874518382532
2017-02-10,0.006017607719948748,0.014292263905879787,0.015740498789098334,0.03888850397573673,0.0012259481986609533,0.003289967190487797,0.018360831766065067,,0.0012117874518382532
2017-02-17,0.0032012544706341295,-0.006165501637962367,-0.015329579424221196,0.07972171286160257,0.0012574692140145949,0.012551361855256182,0.012296226943804722,,0.0012117874518382532
2017-02-24,0.013353412843262857,0.013787458098458272,0.01027539013052814,0.026743131258806452,0.0010868322708283973,9.308122497730942e-05,0.010234779761673751,,0.0012117874518382532
2017-03-03,-0.0046926780370826204,-6.0233246187313405e-05,0.007381548169732577,-0.023726059345859585,0.0014613610799207866,-0.009230867092665962,-0.032447540637770556,,0.0012117874518382532
2017-03-10,0.004158448203404053,-0.004505529968609756,-0.0012404627978603866,0.020276554914755884,0.0012333747364887682,-0.018990510011636763,-0.048345763242841566,,0.0012117874518382532
2017-03-17,0.025239100450443752,0.04562180072259214,0.029805120083790326,-0.019160451060318162,0.0012621725226749092,-0.004729476500637375,0.009680564081433474,,0.0012117874518382532
2017-03-24,-0.005682262192599041,0.0019327473981660681,0.005697256189335365,-0.019364998033942316,0.001324030219060468,0.013332322519410189,0.020243287457509584,,0.0012117874518382532
2017-03-31,0.007218928414580494,0.012706031365850468,0.02473769310831231,-0.05291512611760518,0.0013718671776070668,-0.007878966216478989,0.018773400329483048,,0.0012117874518382532
2017-04-07,0.002676092621610504,0.005007327973632902,0.014086567692062957,0.01897184749413605,0.0013152074480959897,0.014754002504880237,-0.008980799696472141,,0.0012117874518382532
2017-04-14,-0.005163997804876308,0.0011234516655869164,0.016664184675299287,-0.035342050268578284,0.0010602455212096462,0.009994696773722112,0.01853816690033172,,0.0012117874518382532
2017-04-21,-0.0034313300184335427,0.021516704824037225,0.027005869549820094,0.0035309268275294237,0.0013999179991803778,-0.0003920965863878356,-0.03325057691421174,,0.0012117874518382532
2017-04-28,0.02024797751531171,0.03393659494095225,0.011903362160531117,-0.10597885184270572,0.001235120839067072,-0.013392589624225515,-0.04478531267881769,,0.0012117874518382532
2017-05-05,-0.0020152514650720876,-0.002651104074624655,-0.002483096500727089,0.029650315265088434,0.0012123833822093033,-0.018402122826319478,-0.05515422309010931,,0.0012117874518382532
2017-05-12,0.012449849586885886,0.003185451102673875,0.014870362470493115,0.061127681736123485,0.0012232059104169135,-0.014214618071900387,0.01106381566578829,,0.0012117874518382532
2017-05-19,0.002872065321203321,-0.020886835325060193,-0.014802401921640285,0.026677155198554292,0.0012617013638724917,0.02629574393798917,0.0328530369653075,,0.0012117874518382532
2017-05-26,0.01773451265100978,-0.01585433775027545,-0.01149177078538599,0.038461542331938325,0.0012275180667795649,0.003088337491647719,0.026640480375915487,,0.0012117874518382532
2017-06-02,0.006086480912396164,0.01716734137635556,0.013995138223174441,0.051491143857766764,0.0012474483101254652,-0.004903347156297144,0.009089882501472468,,0.0012117874518382532
2017-06-09,0.0015279432330241871,0.010025780364294246,0.010333889885709269,0.014543457899956369,0.001228137079165581,0.006761016897041561,-0.018773569799245604,,0.0012117874518382532
2017-06-16,-0.00829521323016058,-0.0003685055786474267,0.010571704329582765,-0.003952860350828646,0.0012173882894623844,-0.009485325975219894,-0.0276360442488649,,0.0012117874518382532
2017-06-23,-0.0013662433593738532,-0.0206403202035087,-0.020170592382614982,0.004040319843986673,0.0012380127547597652,0.000631971550321131,-8.166594449576792e-07,,0.0012117874518382532
2017-06-30,-0.0056449175802461005,0.0005865606691937142,-0.002472780042421241,-0.025929822215747023,0.0012773724446570878,-0.01355128057695787,-0.0006141289169311337,,0.0012117874518382532
2017-07-07,0.015219087283507182,0.028342383897252743,0.029283734459883082,0.04708007208844345,0.0013093890298461197,-0.014746368661659126,-0.07327594547405669,,0.0012117874518382532
2017-07-14,0.02281754320843099,0.013307212414153557,0.004236953142860322,0.001914339539500487,0.0012649532832686994,-0.008231897053507353,0.028783463753980998,,0.0012117874518382532
2017-07-21,0.00292326204988691,-0.00038227223153564083,0.008221562506687041,0.041545330606801434,0.0012469724875212584,0.01715644167224939,0.03149869099251723,,0.0012117874518382532
2017-07-28,0.010009833337535579,0.01754498783977887,0.0007314092130776828,-0.002237187631130233,0.001242742015256093,0.0016593605749868345,0.013268223312296934,,0.0012117874518382532
2017-08-04,0.0051825244021168615,-0.011126120083649771,-0.014367294130518626,-0.035874406476706144,0.0012376339975759265,0.006061331061669284,-0.03392555358992966,,0.0012117874518382532
2017-08-11,-0.035325495920932815,-0.05208768413557141,-0.06078015870406972,-0.0661162442939226,0.0012488153713348105,0.01584658679548645,0.05776992394971514,,0.0012117874518382532
2017-08-18,0.013037091535589962,0.03658867987558456,0.038095316193719864,0.004631745457858161,0.0012305858490651023,0.0004958422651262229,-0.0027982093280667364,,0.0012117874518382532
2017-08-25,0.001997419367135489,-0.007433259126977787,-0.0005119957835066913,-0.04258479955180161,0.0012059093703502555,-0.008577324582932921,0.0010100138681352622,,0.0012117874518382532
2017-09-01,0.01190524429344908,0.03265039523038982,0.03282142563527701,-0.005928804959294043,0.0012041612354942721,0.031203158775277906,0.03797017606404873,,0.0012117874518382532
2017-09-08,-0.003970222207514418,0.010584828157102377,0.010794235879460379,-0.015157848052130829,0.0011977910854192864,0.01855060709280343,0.017990596070920573,,0.0012117874518382532
2017-09-15,0.015158894884468976,0.022295922599277596,0.011187286048227385,0.004680857803509575,0.0012008562396259581,-0.012172369964468022,-0.019946411831857858,,0.0012117874518382532
2017-09-22,-0.011997540535175655,-0.030513189884626257,-0.02538171404834122,-0.009976089236059527,0.0012103654478266002,-0.00970960530849907,-0.030518143751669058,,0.0012117874518382532
2017-09-29,-0.017642886110377676,-0.019064262743561988,-0.011643547752396732,0.00015953735182194784,0.0012346736435993044,-0.0022079604207408954,-0.00905617193367425,,0.0012117874518382532
2017-10-06,0.01952277072958153,0.029503947863924074,0.03211592739714231,0.01201551554946989,0.0012527925722134459,-0.009507734875360496,0.005334755713574557,,0.0012117874518382532
2017-10-13,0.018813190409085356,0.010879092168773807,0.017734128434825802,0.004596775373348239,0.0011893902553903324,0.02107234173354433,0.034501789156181406,,0.0012117874518382532
2017-10-20,-0.002055617703899393,0.0009736509648974323,0.009190605907651639,0.0015950013250949358,0.0012163660007866728,-0.003411731819233821,-0.02131963372318546,,0.0012117874518382532
2017-10-27,0.017395075508175317,0.03478363913455662,0.02059923550771936,-0.007544548287100716,0.0011990274549669167,-0.022215197267402953,-0.023404054170663047,,0.0012117874518382532
2017-11-03,0.012539917733780381,0.02296701857738781,0.031371116603433835,-0.002919748165950975,0.0012209398892557566,-0.0002093426944262955,0.003959726891129778,,0.0012117874518382532
2017-11-10,-0.012508969146137305,-0.01099830115914735,-0.01243703177751776,0.012135359063202289,0.0012130976769895163,0.009839714758047569,0.010246773512205154,,0.0012117874518382532
2017-11-17,-0.0036961165136726315,0.005604339121739077,-0.0067771294041616414,0.0984203995916646,0.0011948034038682387,-0.0024500510385360164,0.034353839748377135,,0.0012117874518382532
2017-11-24,0.010317455946142973,0.016709532934202187,0.02425878872019438,0.042143254913973305,0.0011986471314704428,0.002626158376708654,-0.031179295311635435,,0.0012117874518382532
2017-12-01,-0.02578518971566357,-0.014999977577670909,-0.0025528490208194254,-0.009426605424899481,0.0011983763223266664,-0.010835169110239962,-0.0414692257543422,,0.0012117874518382532
2017-12-08,0.014211957232238559,0.015558667870871012,0.009310070899136713,-0.022940443672494815,0.0011932111821724156,-0.023412647226072725,-0.03377984954472546,,0.0012117874518382532
2017-12-15,0.0065850293749274424,0.0002104211617377505,-0.006269682390286024,0.030442730496119674,0.0011978625225486095,0.00046813086233266077,0.011172076450799207,,0.0012117874518382532
2017-12-22,0.015459802095178166,0.042920341297992826,0.046804110586226244,0.02511420794472552,0.001200586234679113,0.005868868214953249,0.019494600961318165,,0.0012117874518382532
2017-12-29,0.0035928900517010476,0.015814396991673307,0.011184853556639451,0.08213807572403198,0.001258721282561881,0.018356598951459135,0.043830657978013,,0.0012117874518382532
2018-01-05,0.002673080948124351,0.017246815095608214,0.02782842897184712,-0.017802783736551975,0.0012590193598185362,0.006528900638012036,-0.0024006731195954645,,0.0012117874518382532
2018-01-12,0.0115922089198357,0.0021381460522624796,0.015523798166458214,-0.0006915103061493344,0.0012322263401574052,0.012972956907174371,-0.003168785145766906,,0.0012117874518382532
2018-01-19,0.019983634435342346,-0.03155243859925794,-0.028689851785674514,0.0302579332147197,0.001230373147054431,0.006142114978176183,-0.0024535508724640165,,0.0012117874518382532
2018-01-26,0.016058284503117637,-0.00016453816066697158,-0.006440869201783106,0.01571244109338865,0.0012436328876039848,0.014324402432646322,0.01925477665446107,,0.0012117874518382532
2018-02-02,-0.027918748139664662,-0.07365611454954935,-0.08465515686395642,0.027572377203512355,0.0012569135040556567,0.0008048644123763715,-0.034551649551626595,,0.0012117874518382532
2018-02-09,-0.028404496511161725,0.02096379173335383,0.023645036763965788,-0.030830083688127452,0.0012552158603509334,-0.015116060649713159,-0.026549344321352142,,0.0012117874518382532
2018-02-16,-0.0002535058106912791,-0.007888460140064946,-0.009932561273558904,-0.017505008421116797,0.0012603663281971489,0.02570387972337196,0.027091868379110817,,0.0012117874518382532
2018-02-23,0.0037073180758384616,0.010601672134117779,-0.002823853676188537,0.03624813796219706,0.0012632489018091775,-0.011543758962050066,0.003263197647495497,,0.0012117874518382532
2018-03-02,-0.0031169612118217005,-0.004425662495751936,0.0005176804497004639,0.008221351358808748,0.0012844736555677194,-0.004759328778088157,-0.0020562090355696894,,0.0012117874518382532
2018-03-09,-0.02213542371852628,-0.039291458890076236,-0.04587807060339921,0.03663555597628698,0.0013687385716956157,0.0024646438877946597,0.008471366398985491,,0.0012117874518382532
2018-03-16,-0.0030996074021604203,0.015554916055436019,0.013354706326589527,0.017282811645123797,0.0015415528919566768,-0.0031924222298075344,-0.021933908021016135,,0.0012117874518382532
2018-03-23,-0.019332778662955796,-0.03855472401304716,-0.0460473458610372,-0.0328072900361871,0.0012952159724863854,0.013252298577952848,0.02252942911981104,,0.0012117874518382532
2018-03-30,0.011567294910931336,0.027360130790590853,0.008034281821121647,-0.04322174985911342,0.002097362593955765,-0.00243413029439965,-0.018735075510179833,,0.0012117874518382532
2018-04-06,0.02154497462397509,0.054529458493859595,0.04923762164458556,-0.007291331997889228,0.0013927410980194566,-0.008248945880424241,0.0022732882012350686,,0.0012117874518382532
2018-04-13,0.014421774520258834,0.01573395137518152,0.001351170836617177,0.02357251618035372,0.0013006527889363184,0.017222696211967703,0.024625547936782954,,0.0012117874518382532
2018-04-20,0.007962349333319851,0.008247106228280954,0.011667295502537645,0.03969397965278687,0.0012692905191173942,0.012508813581729505,0.04446822813169127,,0.0012117874518382532
2018-04-27,0.012140230533852048,0.009566202845814109,-0.0043058130123944105,-0.038311614086535384,0.001270182519043761,-0.005205612407347737,-0.03185140023172406,,0.0012117874518382532
2018-05-04,-0.006925526410607841,-0.025449301778267208,-0.01258770060475256,-0.06004354396072653,0.001263292656405124,-0.005429869883147975,-0.0018868492970510742,,0.0012117874518382532
2018-05-11,0.017728910131142195,-0.010479692512923244,-0.010160088680594481,0.04425467732296706,0.001235951248236944,0.015135410444760522,0.025837895165508495,,0.0012117874518382532
2018-05-18,-0.019441966351270046,-0.04143530807149354,-0.030904084213708494,0.09775012998799881,0.0012112719989669785,-0.01652496040505569,-0.006394008612099489,,0.0012117874518382532
2018-05-25,0.0008257521117964739,0.0008875475155389889,-0.002764829265151536,0.011412874274297602,0.0012999375375422062,0.003790049828311881,0.007509049458148898,,0.0012117874518382532
2018-06-01,0.008585432675050741,-0.013021193127752295,-0.012353468231707798,0.0017052710807312632,0.0014094366769232813,-0.005879385524959813,-0.017662320320800062,,0.0012117874518382532
2018-06-08,0.006679960547467445,0.013172772556863555,-0.007987122683100312,0.024304532447069205,0.0014336066593825247,0.0026767251240564782,0.01829462624561473,,0.0012117874518382532
2018-06-15,0.00464816397930945,0.0014944070412949984,0.0003419357618696939,0.010414100850243635,0.0014160295792222666,0.0010822953910207822,-0.003970280322171504,,0.0012117874518382532
2018-06-22,0.00038357635981611793,-0.012743303370616244,-0.02771538384448413,0.015503903911842087,0.001457920862988571,-0.018721084245841402,-0.005190007209329273,,0.0012117874518382532
2018-06-29,-0.009938209138882215,-0.022450151040455557,-0.03132438059881382,-0.024158675312165534,0.001469623426744171,-0.0036540121355846944,-0.006416969329723687,,0.0012117874518382532
2018-07-06,0.005446047525380138,0.0055971020702030305,-0.0004631781395444401,-0.002560443157198611,0.0015028050109859858,0.007224309901241455,-0.003695628126604511,,0.0012117874518382532
2018-07-13,0.02285881292632519,-0.002726714312256906,0.004213505793000616,0.04163865714768478,0.0013588978731799983,-0.01694323623245575,-0.02270011881383538,,0.0012117874518382532
2018-07-20,-0.0007895701934017563,-0.013660006942329495,-0.03029519670743197,0.010673346114689064,0.0013679870872713717,-0.008245403310132127,-0.010147348793509536,,0.0012117874518382532
2018-07-27,0.024354635638383915,0.038556921275734846,0.04891317022152197,0.006928307798203193,0.0013443510481623289,-0.0038097574033254533,-0.006306429490721022,,0.0012117874518382532
2018-08-03,0.007310484083944635,0.0112981550344875,0.02046989046193115,-0.029059051933220448,0.0014028523151263794,-0.007516852839258403,-0.003751092591482319,,0.0012117874518382532
2018-08-10,0.006047126654247892,-0.00034718494347174556,-0.0036044580495688816,0.03364410996784373,0.0013617719097007708,0.0012148205646957955,-0.0020905132881086086,,0.0012117874518382532
2018-08-17,0.003609081762106836,0.024862732896075324,0.000156476687981133,0.00905246284551997,0.0013350791788757643,-0.006123650263140101,-0.030038955554705593,,0.0012117874518382532
2018-08-24,0.007527808502059585,0.01107909789244621,0.002340281192973581,-0.005128810671036432,0.001320826097655381,0.007954520233947937,0.015052110856648815,,0.0012117874518382532
2018-08-31,0.010677453236182188,0.024012920989433084,0.02300267123505373,0.03122977905967872,0.0013638445731569693,0.02375096639839369,-0.007364680188768347,,0.0012117874518382532
2018-09-07,-0.007825040933607252,-0.02086827090686627,-0.01476361109814317,0.02729423898593586,0.0013503062246187358,0.001626720298321338,-0.018411029106235266,,0.0012117874518382532
2018-09-14,-0.006376631192531956,-0.009715478795793708,-0.015111708933697843,-0.011438122774289905,0.0012905963554497024,0.0034697179927438704,-0.000547941583597944,,0.0012117874518382532
2018-09-21,-0.032313861646015574,-0.05602879428636465,-0.05487838547375967,-0.000696485041964845,0.0013845180917519961,0.007816723334145514,0.011827656233736938,,0.0012117874518382532
2018-09-28,-0.01908350652125479,-0.05514390765318444,-0.09198169914350207,0.014524719612132753,0.0013620383866084218,-0.013504665652542158,0.042384475027990476,,0.0012117874518382532
2018-10-05,-0.05617334959024034,-0.04658385847660407,-0.03658064163653085,0.016080915817947128,0.0015173959191681075,0.03157837687086418,0.013652148837745681,,0.0012117874518382532
2018-10-12,0.015126308151849122,0.03491779658622751,0.019917518228127706,-0.019252963876873253,0.001392035825963145,0.009343111093111922,-0.0011512993971936059,,0.0012117874518382532
2018-10-19,-0.016132747224874677,-0.015598223622176666,-0.007155547207906898,-0.04374255586274234,0.0014123801312027062,0.01504868374849111,0.0010299603947521163,,0.0012117874518382532
2018-10-26,-0.026549083555946096,-0.010211135844091501,-0.03464306565013242,-0.005652359426785436,0.0014154889882542765,-0.002222942014211693,-0.00888020688138813,,0.0012117874518382532
2018-11-02,0.052143569292123715,0.07584831852503249,0.0712737979711453,-0.03412372337974212,0.001450599098655525,-0.010420352136083832,0.0061521255742043035,,0.0012117874518382532
2018-11-09,0.003051283550886019,0.010268793995749759,0.013198080166039627,0.005868334634725247,0.0014714769640078451,-0.00700231268980922,-0.04643183698779718,,0.0012117874518382532
2018-11-16,0.009163737880267586,-0.004895907010417644,-0.01149111810836223,-0.2043959332755345,0.0015563346928120225,-0.017709552631313685,0.003999894485672062,,0.0012117874518382532
2018-11-23,-0.014552263809913812,-0.005585671684486426,-0.010299480207954459,0.0016413639657304468,0.0010319070794198026,-0.0003452591242523173,-0.02409999645711114,,0.0012117874518382532
2018-11-30,0.03324862849407473,-2.094159542265217e-05,-0.0009063465961512973,0.008704173541494553,0.0018891821807274223,-0.01878046897805241,-0.02173244341955749,,0.0012117874518382532
2018-12-07,-0.01682945775967082,-0.031202915539755405,-0.018397341460986594,2.1086347708587638e-05,0.0014763669333532903,0.02004781677126677,0.046188452635909094,,0.0012117874518382532
2018-12-14,0.010450077892494525,0.034799243568976124,0.030450578778768556,-0.004472625870165725,0.0014110595142058369,0.01233351538482963,0.007170503923326521,,0.0012117874518382532
2018-12-21,-0.004761504091224222,0.010997503439139855,0.013127248333347996,-0.09498375437123463,0.001394509222623741,-0.0047907539379877795,-0.012689778426292708,,0.0012117874518382532
2018-12-28,0.009847534928863588,0.013870791128370197,0.00023797284320847822,0.02531313477792496,0.001382970182666421,0.015036502866576651,0.04631531558660007,,0.0012117874518382532
2019-01-04,-0.012205524588828398,-0.01307023074364333,-0.00017704312882138584,-0.009500762181509192,0.0014806019530022585,0.005275420276323217,0.028612618995574213,,0.0012117874518382532
2019-01-11,0.006301704372384975,0.005775936261529502,0.0013744883546806808,0.047544393023774445,0.0013854505127874894,0.008339814058786255,-0.001588868102985086,,0.0012117874518382532
2019-01-18,0.010375221559487446,-0.004594333308395648,-0.0058629132239460535,0.0391354091605467,0.0013743353525970115,0.0039952449305931115,-0.011539992520070319,,0.0012117874518382532
2019-01-25,-0.01158897660313174,-0.028990440218793823,-0.03284315661592907,-0.0006354327447284369,0.001349049032292049,0.0007504758883987162,0.01957920300363991,,0.0012117874518382532
2019-02-01,0.010491170486344181,0.0015384060633527596,-0.006514825594389428,0.018270443114519974,0.0013505348471984924,0.0278344695904984,0.018413939761178444,,0.0012117874518382532
2019-02-08,0.004585168144645602,-0.03201377648593051,-0.025722927732201084,0.01117769349373443,0.001350206757096517,-0.008602697169227347,-0.0014368718623996024,,0.0012117874518382532
2019-02-15,-0.020029901181894405,-0.02703149575665953,-0.03254047873294341,0.01576818538146152,0.0013189592139895012,0.008660174778262641,-0.011107856908371794,,0.0012117874518382532
2019-02-22,0.00627074685301654,0.021528676176014727,0.023436758187292517,0.005005528972371831,0.0013098636917470152,0.00128958183837935,0.014259602901740553,,0.0012117874518382532
2019-03-01,0.006657888902462661,0.03442004770857232,0.03620684392598217,0.007561703644815898,0.0013406746749713427,-0.014607685752199062,-0.05139744686523684,,0.0012117874518382532
2019-03-08,0.015823665542872956,0.020916554376949614,0.04602150395469273,-0.026977797311747986,0.0013547764856030042,-0.020826142944610715,0.0021199426724518577,,0.0012117874518382532
2019-03-15,0.03547213557222184,0.028630944453065688,0.02026156292014103,0.012073506382295651,0.0014231535813333807,-0.004197594041362107,-0.017541593785845522,,0.0012117874518382532
2019-03-22,0.0026298395688471032,-0.007166217095237015,-0.005904557127699217,0.018737492303701586,0.0013616556650388745,0.0014815272325494622,0.00012194567594536743,,0.0012117874518382532
2019-03-29,0.009871745892767514,0.02601348767744116,0.014553504347531998,-0.01264759997790077,0.0018474576525668862,-0.004913584163343421,-0.01045714387966501,,0.0012117874518382532
2019-04-05,0.0082930160166379,0.010826160271290908,0.009405972563617748,0.042106106914649555,0.0014768142650793958,-0.007663286371613398,-0.008740402704285444,,0.0012117874518382532
2019-04-12,-0.0019286898729466984,-0.003356740596804908,0.004242239755130939,0.0011439358567570945,0.0013151550771439702,0.004958085954035685,-0.0015672941987228128,0.025166433358287943,0.0012117874518382532
2019-04-19,0.00939151261359128,-0.0055707423312463256,-0.003339289073036822,0.012684678934393512,0.0011781992976780398,-0.008642711638590761,0.0007212703587622382,0.005610523317876481,0.0012117874518382532
2019-04-26,0.0001574591559674321,-0.023192250722420704,-0.013228118441222625,0.04010173887809154,0.0015218727499433093,0.008091506844001506,0.01533565329381803,-0.03388722029560631,0.0012117874518382532
2019-05-03,-0.0036071162659858658,-0.01531340767759759,-0.014472316792839557,-0.01959951605267307,0.0013011431244727145,-0.013336164905909498,-0.016750766286599217,-0.012954817833085941,0.0012117874518382532
2019-05-10,-0.03699968916092122,-0.027581959405566403,-0.02891785805260949,-0.012696246075615036,0.001362035681867324,0.011824655198041656,0.0018824785988789117,0.04039602584723512,0.0012117874518382532
2019-05-17,0.011370789310862328,-0.007306039972222345,-0.019164423741033332,-0.00047489887023488553,0.0014612425976840981,0.005514106420136944,-0.028090588806128136,0.012794136867735784,0.0012117874518382532
2019-05-24,0.03830485299020059,0.050406457519336145,0.062312840316108176,-0.03688637876615375,0.0015247262527993133,-0.009623356590824361,0.007809289296585309,0.022296820095963454,0.0012117874518382532
2019-05-31,0.0066446752313875646,0.010835926245522876,0.007163590484439153,-0.020284133222956968,0.0014354646066172538,0.013914429224267,0.0011894454553009748,0.01741443306199031,0.0012117874518382532
2019-06-07,-0.004373923484146558,-0.008483088136900685,-0.01715348506925951,0.015769776430100357,0.0014166924077940735,0.01848001880601946,0.022791339792124,-0.021465581301178926,0.0012117874518382532
2019-06-14,-0.003988878821239328,-0.013585504666835502,-0.020253569788963532,0.022583521521782446,0.0013412741387124338,0.011606410971822356,-0.00788499045351665,0.03114401513761411,0.0012117874518382532
2019-06-21,-0.008390229204301436,-0.008364451203109136,-0.023051226300470518,0.02954973866136479,0.0013151474667831842,0.01788519251227716,0.03291997271491187,0.04711142735267293,0.0012117874518382532
2019-06-28,0.00552281216957784,0.01220582127373615,0.009112045645473632,-0.008870403314184427,0.0012992227466031014,0.007206465030894282,-0.00782144889724401,-0.01924801676924215,0.0012117874518382532
2019-07-05,0.001891684260037163,-0.00698884300821534,-0.0035612780615275064,0.012275066447509086,0.00143530014017057,0.008889423594461654,-0.030216062165170254,0.02281488890141059,0.0012117874518382532
2019-07-12,-0.02189883136449622,-0.02053554639513644,-0.02038961034007125,0.005462436369497725,0.0012963041421898414,0.002711063422841331,0.015254135508177002,-0.000612883640482953,0.0012117874518382532
2019-07-19,-0.01153429993507904,-0.049487213863192214,-0.034849584729501504,0.0019789223088362284,0.001326101585378714,0.02820829596054386,0.06584306982154708,-0.007733437048963676,0.0012117874518382532
2019-07-26,-0.011817780967445346,-0.018427647618494247,-0.023672470641395882,0.00780701597268596,0.0012156415521611397,-0.016002069834275656,0.017326511408844558,0.005213852639606165,0.0012117874518382532
2019-08-02,-0.025429153804766957,-0.028680672286542253,-0.04857770380907811,-0.005675815832407505,0.001310807843554418,0.01908131864989704,-0.004201224900295508,-0.019703325607830835,0.0012117874518382532
2019-08-09,0.010211622367108042,0.009687223399251987,0.011029964659507119,0.003830230584832117,0.001280468326849471,0.04654613752453107,0.05925203797908263,-0.025090126104444055,0.0012117874518382532
2019-08-16,-0.00556728463657985,-0.006192496477261722,-0.009721913451965603,-0.010909845025270926,0.00104783714746004,0.005423956493646687,0.029711112718535437,0.05821315414083683,0.0012117874518382532
2019-08-23,-0.01977318553688967,-0.023996002026184016,-0.03520461991226609,0.031049289313568096,0.0011302229552405674,0.005728944211255138,0.020332545224119425,0.01949203682338685,0.0012117874518382532
2019-08-30,0.017905081802617184,0.013291622923216506,0.031136690647481924,-0.003214816299081935,0.0010792911563901608,0.021395228305454372,0.041923753482789206,0.030070297618397746,0.0012117874518382532
2019-09-06,-0.006989753900845885,-0.0015369199381931598,0.005815986757646829,0.021410335535565705,0.0011046948525059719,-0.00813614743278357,-0.004492016252053088,0.044210302394734224,0.0012117874518382532
2019-09-13,0.011848878423404097,0.02631027491851423,0.03130937483132534,-0.0110427165789172,0.0010945799538200074,-0.011961429850572025,-0.04217136421703804,-0.012009704200904747,0.0012117874518382532
2019-09-20,0.017903718676934632,0.019681889074905534,0.004918124271101387,-0.0018039232147336604,0.000893957042640503,-0.009223059849291615,0.023492699998711508,-0.05169075718007132,0.0012117874518382532
2019-09-27,0.021127901863188248,0.0018527128892671385,0.01324700559819525,-0.022462774024541554,0.000985611716533441,0.006200829892496262,-0.017419228275720955,0.025844630689018322,0.0012117874518382532
2019-10-04,-0.02932927792365192,-0.050188841779540305,-0.041198087086803836,-0.018209321407276602,0.001438648228419659,0.01874534736659217,-0.0034199443389217876,0.0519902017623457,0.0012117874518382532
2019-10-11,0.011660198634197538,0.004094644590703744,-0.0064044192581255155,0.02046768755857653,0.0011678984287750716,0.0006242448536653011,-0.0050076592619081595,0.028302523968966042,0.0012117874518382532
2019-10-18,0.031561099760883504,0.04945229309478294,0.030253967782766455,0.025611227901045863,0.0011060997015739371,0.003015357835759902,0.008539133003966137,-0.02919409600941203,0.0012117874518382532
2019-10-25,-0.0066841214182128406,-0.003964199282161518,0.0005598744972539205,-0.00016189969630941992,0.0008171556940643754,0.015357085396431103,0.017189875414524325,0.000363656020718528,0.0012117874518382532
2019-11-01,0.026476334257692358,0.04725354926456404,0.03697970213770452,0.0208910510433169,0.001215255967307316,-0.0029608231729368883,0.004891170226242414,0.017271037398969957,0.0012117874518382532
2019-11-08,0.0014760215486662176,-0.01326919381163072,-0.008998276481549383,0.0033136463086156365,0.0009029849933119838,-0.019762988776218737,-0.062478846774714936,-0.06564938896404537,0.0012117874518382532
2019-11-15,-0.00106651284170034,0.00022855270355215396,-0.00850397395533331,0.027756759254425445,0.0010523343943655838,0.0010148008585673107,0.01712624602242485,0.0703131324319155,0.0012117874518382532
2019-11-22,0.0015930624735807086,0.004818693739989888,0.0022604534626022854,-0.001264849659726841,0.0009058977525646661,0.0050240465190924954,6.960503921482619e-05,0.04113708870407251,0.0012117874518382532
2019-11-29,0.01188892511736972,0.022505557723999425,0.018274306332089596,0.01870643838939845,0.001224329326156015,-0.008707360089668659,-0.0036311611620055695,0.03055625695640729,0.0012117874518382532
2019-12-06,-0.011160355743983885,-0.0352439559766935,-0.020502749649029317,-0.0158932689710245,0.0008635196627382324,0.006239989752429231,-0.030962801161042997,-0.04543216647373671,0.0012117874518382532
2019-12-13,0.013857332996057625,0.018732141352926446,-0.005230346576500455,0.009218808275710089,0.0010006675476457172,-0.011941606157430784,0.01429053656020618,0.006155799859259625,0.0012117874518382532
2019-12-20,0.015314321227789307,-8.626401290512398e-05,0.007191055851346384,0.019808471433489405,0.0009702912677662656,0.011303252950690457,0.02228543493931001,-0.006282035005778397,0.0012117874518382532
2019-12-27,-0.0021186786301768956,0.007239437585863762,0.01143188414394447,0.020667842538617975,0.0009889297301997058,0.016490083445081627,0.043230237449878306,0.0024294762117718083,0.0012117874518382532
2020-01-03,-0.0015637536435284538,0.017294477407461928,0.03916341013447622,-0.004485413880667255,0.0010356110115483652,0.03660321944796241,0.013898017924896644,-0.001341320504382848,0.0012117874518382532
2020-01-10,0.002465876842738357,0.006718269470875837,0.0176797768316328,0.035620405955727685,0.0008856407201860428,-0.012711885410809476,-0.005021562244382105,-0.01604669915237944,0.0012117874518382532
2020-01-17,0.007795656795418715,0.04153336743264324,0.035997357165319155,0.011207653952432173,0.0009017552572250231,0.0,-0.004598421127562813,-0.025911116875569573,0.0012117874518382532
2020-01-24,-0.008427514818394766,0.010307858945582948,0.0049964311206280865,0.009914287946781952,0.0009853157728270112,0.012875558029075362,0.007746865609068454,0.04265429872889959,0.0012117874518382532
2020-01-31,-0.023362553068805747,-0.02426583620718059,-0.015009469696969702,0.0012193181733874958,0.0009768660175375476,0.013276762309240908,-0.0002555801808969971,-0.021409539644419273,0.0012117874518382532
2020-02-07,0.01139014089911261,0.020292098054749186,0.0112483776378407,0.027642015364647277,0.000998058263644186,-0.004739285587048059,-0.019414499003069463,0.025202869907417602,0.0012117874518382532
2020-02-14,0.0012481525517991088,-0.02550125585355889,-0.011712715245757455,0.017147310454610487,0.001071463342905421,0.0042016164699176795,3.0685387113482676e-06,0.05389104837292802,0.0012117874518382532
2020-02-21,-0.0026912717196059255,0.008224952783326023,0.0011543678610008712,0.012153175722275256,0.0008080012553031146,0.02705721790764759,0.05784281929520452,0.024121093669004612,0.0012117874518382532
2020-02-28,-0.07276802855759412,-0.08309061258577888,-0.07160360605513238,-0.1254644897683288,0.001018922670700917,0.014937513351958476,-0.11742918103901445,-0.011060622150378951,0.0012117874518382532
2020-03-06,-0.018952378395116876,-0.030564600077466864,-0.03417468584463901,0.04838789232936613,0.0012690469370972846,0.044955856387311144,0.07858115739602067,0.05359981091259147,0.0012117874518382532
2020-03-13,-0.09411298851339756,-0.10500661190892757,-0.12753035674631685,-0.11489375608030106,0.0009415673890167398,-0.062227921962917265,-0.14378896375792638,-0.1469829183849244,0.0012117874518382532
2020-03-20,-0.12151940455899846,-0.12925195403730572,-0.15964526712375837,-0.005889731066233583,-0.00039068164262290317,-0.01392677051907698,-0.14734434682582864,-0.10189039570596237,0.0012117874518382532
2020-03-27,-0.009742230921189976,-0.0606553130118046,-0.07195261687920196,0.024764318654629136,0.0026606870962917473,0.05704784059192769,0.16724144222259896,0.03324401226623297,0.0012117874518382532
2020-04-03,-0.06656276612251377,-0.052861411449848905,-0.01242584503174593,0.005940069724646335,0.0017274042007304757,0.01624319560713161,0.02789554320159482,-0.1421076100592572,0.0012117874518382532
2020-04-10,0.12718036205465433,0.12642406103820458,0.08844168446291012,0.0838619121024764,0.0006318748953189068,0.051559679113062806,0.09103071529483442,0.10199692140806027,0.0012117874518382532
2020-04-17,0.016994216654773853,0.05057076792919868,0.05771088990822215,0.08809171949319827,0.0014256353902488694,0.041186571891844714,-0.02718604322555207,0.028907795516309953,0.0012117874518382532
2020-04-24,-0.012123949537324319,-0.03439106334253739,-0.029185615327187553,-0.042998249450423964,0.0014951128635272148,0.005180065921416066,-0.013693926761832786,0.01904232786474025,0.0012117874518382532
2020-05-01,0.0770667624197976,0.07262945106824659,0.03180376954568853,0.03594098368500531,0.00045871263175367716,-0.0028109378249004946,-0.03458929598810356,0.006723895985251138,0.0012117874518382532
2020-05-08,-0.061704516934418474,-0.04967221884504858,-0.0449008083125908,0.020366891495567696,0.0011602279624951528,-0.02490019687314904,0.06404047517057032,-0.062686173577163,0.0012117874518382532
2020-05-15,-0.012392627209101281,0.022897557416267533,0.0022441652340177143,-0.0018946582135417334,0.0012710466990610847,0.006986290707145182,0.0745036593265227,-0.013793175393983392,0.0012117874518382532
2020-05-22,-0.010681976123898984,-0.03361888863181417,-0.01707520771510218,0.019541987098199654,0.0011010621008082921,-0.0035884620554884616,0.03817674824283368,-0.018629245358522395,0.0012117874518382532
2020-05-29,0.05985560800813117,0.06197001957430848,0.04018164024922655,0.001659914249142691,0.0005815966530966499,-0.015846334291297004,0.04855555962840441,-0.001818233339651476,0.0012117874518382532
2020-06-05,0.05864645130026047,0.06271625305121975,0.09860825183239141,0.03755090275504247,0.0005344578234409703,0.0048791641876719805,-0.059908961564463126,0.08890799712122344,0.0012117874518382532
2020-06-12,-0.01668778251961711,0.01864968832531977,-0.004218407425914283,0.0076661617135023175,0.0008504069522972113,0.014809435073785515,0.013012244807834916,0.013996327670578124,0.0012117874518382532
2020-06-19,0.02722377536781817,0.016940091862508888,0.04016738512610796,0.04181545880624271,0.0009244784386612803,-0.0014353483179146975,0.021327928476540636,0.05250362763687577,0.0012117874518382532
2020-06-26,0.013529304214020987,0.020449371608598055,0.030222496696177492,-0.007051166628851635,0.0007758766266756645,0.01413512527222216,-0.0006738556740368828,-0.09419975800961977,0.0012117874518382532
2020-07-03,0.021607397609072487,0.008869177524596816,-0.001530697277630444,0.01649389784633093,0.0007249096839128111,-0.0030711330614652255,0.01112434952968222,-0.012755094798991395,0.0012117874518382532
2020-07-10,0.015149891464920628,0.013614466623823596,0.0251198762531204,0.0379574789438164,0.0006196315753621562,0.023696682036039585,0.03892195387752606,-0.010388820059085702,0.0012117874518382532
2020-07-17,0.0124117545005058,-0.00419588776214852,-0.0014719042231922108,-0.002247719476593746,0.0006075021730052033,-0.00740740021233377,0.034702538982716025,0.01308517159169198,0.0012117874518382532
2020-07-24,0.026826108778724933,0.008956919931299101,0.015601575324371009,-0.018136009546833476,0.0006004664873255905,0.047574558069378936,0.15298915838856697,0.06762838933778359,0.0012117874518382532
2020-07-31,-0.010782434673522467,-0.008667441283154997,0.0033208249606837548,0.026552861197457256,0.000567629859305141,0.049421222421996536,0.06313903568798462,-0.0262620492559118,0.0012117874518382532
2020-08-07,0.012697001105808736,0.04440989395394901,0.05147669367900454,0.03844758521291669,0.0006384945239563677,0.04306319061477648,0.13687570337197896,0.05838026812524011,0.0012117874518382532
2020-08-14,-0.003178995517533645,0.02254514012601616,0.023784955889374126,-0.007472568387151046,0.0006709121159018672,-0.05796214318187809,-0.051672266582124426,-0.01448952269619408,0.0012117874518382532
2020-08-21,0.017283261647349057,0.03817936763720797,0.05700035307305318,0.035231751516979326,0.0006923717604692126,-0.012953335018871748,0.024219711755611106,-0.009405367510390672,0.0012117874518382532
2020-08-28,0.024270991723315705,0.02515360360159602,0.02957717156744044,0.012403366640914237,0.0005076869810498597,-0.013560864611291357,0.016920194322432858,0.0008777548022544934,0.0012117874518382532
2020-09-04,-0.026936880603920077,-0.022662485372176078,-0.03263955113261163,-0.01359972792385411,0.0006298652418874617,-0.008425660006086577,-0.04171141306569848,0.013956394490467705,0.0012117874518382532
2020-09-11,0.01152305619349936,-0.015942468734278403,-0.007138202001233607,-0.031015469795155015,0.0004634321981222822,0.010062543290671133,0.007221013971907331,-0.020930211837540846,0.0012117874518382532
2020-09-18,0.0035326595964069174,0.026459414603612785,0.059717722583700006,-0.024614120777860737,0.0006201810844912448,0.0033208220491369733,0.011582211769358253,0.00035888278250695294,0.0012117874518382532
2020-09-25,-0.03952213504563973,-0.04882802758218363,-0.053887236272202266,-0.0018577653736505662,0.0005917267483945832,-0.03751104974375363,-0.14725820575981152,-0.0005521124421588031,0.0012117874518382532
2020-10-02,0.033184787250288394,0.041279345844607906,0.03398713672065612,0.03385129275428622,0.0007394903714601497,0.011004116322558266,0.03486954260270636,0.0010771009929402275,0.0012117874518382532
2020-10-09,0.043553662886622435,0.0018953606629676933,-0.00041662637663530955,0.008808011942879501,0.000657507136688773,0.006802790524672364,0.04671233233212169,-0.006705477144498984,0.0012117874518382532
2020-10-16,-0.012736901975149317,-0.024846358428467386,-0.009836383695635997,0.02836093344421431,0.0006579886116593325,0.0020270303940290724,-0.026722468187151627,-0.031282043626421174,0.0012117874518382532
2020-10-23,0.014274187033702423,0.031179969037006927,0.023266363648199784,-0.013311877706481123,0.0006180575538050626,0.0035963102129876745,0.015394270240977947,-0.005162027688767168,0.0012117874518382532
2020-10-30,-0.02413585755472969,-0.019201668376846004,-0.024931669614814633,-0.028021724682603888,0.000532240036769549,-0.007390858225691632,-0.0339352873676777,-0.007437614501518697,0.0012117874518382532
2020-11-06,0.053352349448716696,0.05581813660893831,0.0110212806121337,0.05720980371537587,0.0006178943317003416,0.029106519052571,0.08380708511410306,0.012111356556325559,0.0012117874518382532
2020-11-13,0.037216009874281974,0.03637467635357594,0.02914616695006722,0.009350230287531902,0.0006139688546187294,-0.02784478054743622,-0.02488268795428017,-0.027144558038642574,0.0012117874518382532
2020-11-20,0.010935546699409215,0.036380907129776485,0.0309277154808969,-0.0029589071448937743,0.0006222744628472388,-0.011953062189286934,-0.026654042994929683,0.028681076453866527,0.0012117874518382532
2020-11-27,0.008546540552703874,0.05035482525432999,0.04981870843353131,0.015785725923683103,0.0005518854434196641,-0.02214109085361704,-0.07435776598546284,0.017247243461805617,0.0012117874518382532
2020-12-04,0.02233022758308323,0.024847519952809538,0.02865658570262819,0.02437241429683712,0.00038123091394370867,0.005135415964508061,0.07049580625924956,-0.005011945492054082,0.0012117874518382532
2020-12-11,0.01925548483418904,0.008207516720182495,0.017407084139561935,-0.016059195992406683,0.0005474102433609129,-0.008128246113699777,-0.008922969635198452,0.026020854171278973,0.0012117874518382532
2020-12-18,0.018255360422344546,0.02067822770632688,0.015787919978901055,0.02986656405569188,0.0005164935512529389,0.02388200607886448,0.07688493383161665,0.09078441011360305,0.0012117874518382532
2020-12-25,-0.0008211739245804761,-0.02048106582950404,-0.005253622104568034,-0.003929495863495114,0.000582415555648641,0.0,-0.0011245456204773685,-0.09073873948105626,0.0012117874518382532
2021-01-01,0.019582886339254868,0.022842653840763116,0.03705361549186015,0.011976279767407672,0.000677277017153699,0.0018294496202182486,0.0104337814941875,-0.00565685458987808,0.0012117874518382532
2021-01-08,0.02345115383243579,0.08805297788134214,0.03545307319313129,0.005788432655353448,0.000437557232320529,0.00045652721152089626,-0.062476486858869085,0.0017352279948548155,0.0012117874518382532
2021-01-15,0.006025558578298895,-0.009609245956071155,-0.006835270202938948,-0.008541849294039006,0.00039950139002287166,-0.018252407445508934,0.004957290707888751,0.008064997115229122,0.0012117874518382532
2021-01-22,-0.0042816328350487876,-0.013321088172182027,-0.009152622977845581,0.033546542706811344,0.0005430042025265092,0.00023244565452507082,0.026290349904350307,0.002816934222792611,0.0012117874518382532
2021-01-29,-0.0513015510273751,-0.03865312065966786,-0.019648121278558195,-0.022142105272781154,0.000608401578864326,-0.00906132391618375,0.05367736055199446,-0.013006481322407448,0.0012117874518382532
2021-02-05,0.09458659788867219,0.09641569308035347,0.06418934367997209,0.04250579017270972,0.000641914024082979,-0.035638930911675915,0.004332994317674199,0.015027788595689984,0.0012117874518382532
2021-02-12,0.016017542234115556,0.023961496358732237,0.027556886120145396,0.0061327590303654755,0.0006299405564855753,0.0017019132751368016,0.008163472669458827,-0.01822600309750455,0.0012117874518382532
2021-02-19,-0.011972974684004933,0.0042513012327918265,0.009212383367920296,-0.005465478723107431,0.0007485844403467556,-0.02669908418564504,-0.004026558908630795,-0.006335003808250139,0.0012117874518382532
2021-02-26,-0.030210062868156307,0.004248095348625247,0.01728248940603372,-0.04303507696182751,0.0005252616539555,0.003740686573235452,-0.023911486427946493,-0.06613651210873439,0.0012117874518382532
2021-03-05,0.028146808846708282,0.024770126091173683,0.03426791851039135,-0.04676355399622567,0.00047967001689119826,-0.039254703877135144,-0.04361777621705332,0.014219971463595993,0.0012117874518382532
2021-03-12,0.006215689302220717,-1.437258781533668e-05,0.011761845303693397,0.031924995576723125,0.000575584813146568,-0.0010343186636662116,0.017761693360614395,0.032315472722973526,0.0012117874518382532
2021-03-19,-0.01909062245459292,-0.03036719054216841,-0.03660159815172326,0.0008355956286749677,0.0006363796746629014,0.015531930042226305,0.016336439675211922,-0.015219718928934367,0.0012117874518382532
2021-03-26,-0.016054001309854904,-0.010668890635664119,-0.017312314078518742,-0.001875770024440615,0.0007664436830783217,-0.011215871318970283,-0.04637673333191872,-0.019084622874533386,0.0012117874518382532
2021-04-02,0.0248185265028551,0.035345388400657596,0.03817825222413407,0.03204506529216333,0.0006403526940759185,0.007991687323463337,0.0018270471917212205,0.0030212164703091737,0.0012117874518382532
2021-04-09,-0.0021859982346488227,-0.0015396031678129862,0.024657196844727336,0.06672066216923644,0.0006035102146779714,0.03452691410491693,0.033674338548179694,-0.0352903273265337,0.0012117874518382532
2021-04-16,-0.01462771822525688,-0.04244431878614652,-0.032936398678414136,0.014682220101335908,0.0005782925469661748,0.00939434019648755,0.033662659197717826,-0.013606507095051845,0.0012117874518382532
2021-04-23,-0.018915230857394327,-0.015218728989522812,-0.0012526858162211774,-0.009335334205469059,0.0006191839597042836,0.016899304329302867,0.004027896083046878,0.0005168409084852499,0.0012117874518382532
2021-04-30,0.020203816787967455,0.03259688051584231,0.036374218734014585,0.001982856235621222,0.0005709103986815123,-0.02239885103377648,-0.02160642111705835,0.009363665266756804,0.0012117874518382532
2021-05-07,0.013126202840348489,0.01389545794419389,0.027925471994917794,-0.02833161066493306,0.0005325416776584824,0.0160138340338849,0.05520416539198858,0.020764748185916337,0.0012117874518382532
2021-05-14,-0.00980564738987122,-0.004920344022330214,0.006542492984656478,-0.029359227763873896,0.0005721760988941504,0.006062075407977874,-0.0062732348084675316,0.018436286815136205,0.0012117874518382532
2021-05-21,0.033894725818587546,0.045378842148852794,0.04133934095824254,0.011311550045389085,0.0005942985855145189,0.016389406193527245,-0.00139769502836129,0.022706702857299588,0.0012117874518382532
2021-05-28,0.017156207079156438,0.015085331515864997,0.017589742659622987,0.007610744624897858,0.0006171590582266795,0.0011857494410478786,0.014198804950729782,0.0015006452018195837,0.0012117874518382532
2021-06-04,0.015198556810893216,0.029791672671598324,0.026229644152302223,-0.004648111343139916,0.000614806979104765,-0.0023685998561582267,0.0008768074038321139,0.013454400219619522,0.0012117874518382532
2021-06-11,0.00823851625692007,0.025659146825843804,0.027123871241290898,0.030896988058556785,0.0006091355081923044,0.012108313133037507,0.008598442041229282,0.06731432017235961,0.0012117874518382532
2021-06-18,-0.007342074380781383,-0.03381435982911973,-0.019237451726233812,0.008920716264501083,0.0005264637118231885,-0.03917433595589659,-0.061553990356720045,-0.05846076562888258,0.0012117874518382532
2021-06-25,0.01128585438752161,0.01765197984408151,0.014785331032913795,0.0371989524587486,0.0006979974829310898,-0.00024409965226279695,0.0039163747490200684,0.03272641649553942,0.0012117874518382532
2021-07-02,-0.00871036373503653,-0.0051489269857938336,0.026025086485997884,0.02325806590858459,0.0006440148769424336,0.0048840234240106195,0.020151974702235176,0.012356286929151361,0.0012117874518382532
2021-07-09,-0.002060805117763409,0.01949236638039431,0.01767332583107528,0.007143488603083226,0.0005821188833550206,0.010449581755309412,-0.00785378815875759,0.02754061884601966,0.0012117874518382532
2021-07-16,0.014888691305526391,0.016370497215050905,0.03717756854244114,0.004237279797508986,0.0006604077461307423,0.006493425473222514,-0.018984837735745996,-0.0006147261778860491,0.0012117874518382532
2021-07-23,-0.004229661019963582,-0.017332790541329857,-0.0034006442883376398,0.009447866817164474,0.0006436936727141074,-0.011708432058188278,-0.022801630428313735,-0.014178679358912816,0.0012117874518382532
2021-07-30,-0.005865269165117426,0.011096639367053518,0.011638255608641401,-0.004906868701070155,0.0006179962227903513,0.01353959260952231,0.009573406666436135,0.02632532434441437,0.0012117874518382532
2021-08-06,0.030143303263794996,0.003212213437520539,-0.009538577337071752,0.015797604728259973,0.000591792314858397,-0.014790051502055368,-0.0498143744254258,0.007830274252681235,0.0012117874518382532
2021-08-13,0.017914510879504686,-0.02191203395306085,-0.02009024473017229,-0.003236251503640264,0.0007338753057153369,-0.019370441933148186,-0.020025500031316756,-0.01777419283142434,0.0012117874518382532
2021-08-20,-0.0047552263119292615,-0.036761509407185367,-0.03879264368829338,-0.01019117317287932,0.0006422286614065076,0.011604968412422867,-0.02567977081072692,-0.022492683600611296,0.0012117874518382532
2021-08-27,0.015482764581623565,0.016516112563163432,0.01820695714357279,0.026059231073818356,0.0006185351813359219,-0.0026849062014666636,0.037509326322265,0.015088682791636332,0.0012117874518382532
2021-09-03,0.03701843854282827,0.051080713206342665,0.03838573667939249,0.003108058540308045,0.0005898098818102326,0.0014683690087500256,0.013887058068158264,0.05351152613415899,0.0012117874518382532
2021-09-10,0.002635156183146581,0.012309643604374365,0.019740728307935607,0.003363998375511601,0.0004750123451098265,-0.003176863617668113,-0.030250062055451776,0.004341322884184207,0.0012117874518382532
2021-09-17,0.012430035299451525,0.03354198906264849,0.01184053680502628,-0.011116945011005908,0.0006478795986095687,-0.014464332908688315,-0.06505318248514136,-0.048953098564228914,0.0012117874518382532
2021-09-24,0.01524290791780225,0.011431605350302743,0.001269710967631621,-0.012937228354282126,0.0005342231189340296,-0.003731381169952419,0.00792641684742601,-0.0515295685665188,0.0012117874518382532
2021-10-01,-0.017988285100337675,0.009487859182217617,0.00929597786496017,-0.028021319272204193,0.0005508463695742538,0.00399500250836593,0.011092132476618666,0.019377547804536377,0.0012117874518382532
2021-10-08,0.02071340324249893,0.03999155041493152,0.031235422945913083,0.017111540855326624,0.0006332072939161382,0.00820695942721672,0.015317724978180847,0.01639426815586531,0.0012117874518382532
2021-10-15,0.02477488834186725,0.04003660419379673,0.02542090463528246,0.007131743254173539,0.0006229648188742498,0.0241736438111666,0.030884814566235264,0.011389341885944537,0.0012117874518382532
2021-10-22,-0.012195641481859476,-0.03369468675714915,-0.04775378293009158,0.030049909330378766,0.00048503524536314124,-0.005539487950398603,0.045386894819454016,-0.002257929324543828,0.0012117874518382532
2021-10-29,-0.02446880691816533,-0.01407627790911059,-0.008464801144501544,0.02000708876060253,0.00042622770705036395,0.005085954948324645,-0.020705473233617377,0.0015755456086947728,0.0012117874518382532
2021-11-05,0.013872523799761005,0.03238971496665388,0.0327402072966021,0.03767383439461214,0.0007168572756917069,-0.0033734792686370696,0.004341766512828471,0.02262331321910005,0.0012117874518382532
2021-11-12,0.01037848335873659,0.015621265508400928,0.009784332039633581,-0.01906897623420345,0.0008581984811706356,0.02635396848410787,0.04715603279307157,0.051508975855247385,0.0012117874518382532
2021-11-19,-0.01866839119746999,-0.02145836255372635,-0.01616282606928432,0.007979582238200056,0.0006650643090087005,0.0037691365026262247,-0.024196793024860663,-0.009401790353038786,0.0012117874518382532
2021-11-26,-0.041562614272561915,-0.04948485997023755,-0.023896702239458723,0.004210880992044919,0.0006458168524272612,-0.01971368553287045,-0.06334795520465686,-0.001827561062250238,0.0012117874518382532
2021-12-03,0.009999148842643857,0.01197202539907627,0.013699734172931688,-0.007128467706718711,0.0006538854438637998,-0.020349587730501772,-0.022421470545530453,-0.007076616551530357,0.0012117874518382532
2021-12-10,0.018294299301169437,0.029557788535861107,0.03325881025215738,0.020863259003607082,0.0006377322332653534,0.008553330999022002,-0.004590824469507315,-0.013070914696119873,0.0012117874518382532
2021-12-17,-0.03004354554079247,-0.04426909813284474,-0.032549169665254896,-0.02134702811538558,0.0005767911914704715,0.021080662036220055,0.023293918045522277,-0.02565189620758479,0.0012117874518382532
2021-12-24,0.001092173309896971,-0.009434499403817354,-0.005186097719570237,0.01910722150452071,0.0006752963927978417,-0.010204089022398222,0.009354789741147451,-0.017084149000590854,0.0012117874518382532
2021-12-31,0.020601383885907598,0.02701004500779791,0.03946585755499976,0.00024886991097594624,0.0007381143187612516,-0.005514254310351907,0.003462901582666822,-0.011208571890660268,0.0012117874518382532
2022-01-07,0.02642889797208281,0.02810098053274701,0.024044675749491873,-0.03201460247260213,0.0007003798677420736,-0.009402106893741102,-0.040191227006935226,0.039631428432228555,0.0012117874518382532
2022-01-14,0.024872748133738076,0.02803821704248799,0.03447595459700392,-0.021763353058455004,0.0006671564612679148,0.01070816804757957,0.016941393922911496,0.018097263989065304,0.0012117874518382532
2022-01-21,-0.03498073808936908,-0.05093052177333057,-0.03330299219349575,-0.04975037572279439,0.0005002483101064215,0.007464516792751619,0.06812185931074222,0.015105164677941207,0.0012117874518382532
2022-01-28,-0.029244296634327704,-0.021258089493379262,-0.035442566665897846,-0.02995667862470619,0.0006600030655738998,-0.009799231498969108,-0.07342324912624842,-0.008056808283812722,0.0012117874518382532
2022-02-04,0.0242283237542138,0.015137931948021377,0.027943208526738594,0.03287722495919798,0.0006214584374999443,0.004103262555952059,0.00018117443752574403,0.05574064951536717,0.0012117874518382532
2022-02-11,-0.008081088753712273,-0.021515340821313456,-0.039549350113296855,0.000552025663964395,0.0007872785230309542,0.014182696495888658,0.05210264823348476,0.035006196284284696,0.0012117874518382532
2022-02-18,-0.0056662236147282385,-0.025011763994271408,-0.031533539348562845,-0.004229487637343654,0.0007256650497995398,0.023465316679106563,0.020286504991579912,-0.015923920300037864,0.0012117874518382532
2022-02-25,-0.03576578102272965,-0.032637448385356094,-0.051471140675840465,-0.04607576502818089,0.0006503269414195323,0.010189870856861516,0.004851385222662152,-0.026135513538384725,0.0012117874518382532
2022-03-04,-0.024795344784872442,-0.023746286309145326,-0.0012592551152046383,0.009486045688634981,0.0006223926476143227,0.023613081595956764,0.0812715406022162,-0.0005349510719957484,0.0012117874518382532
2022-03-11,0.02370522141011744,0.0299248780970367,0.03427957368049639,-0.01495826584427129,0.0006456554728262454,0.01410968044542682,0.018152055682497892,0.007656367440851408,0.0012117874518382532
2022-03-18,0.03948188974713407,0.029659641940285253,0.01878450206457405,0.03776888081991969,0.000754078785000889,-0.023189029712179066,-0.04439302764015873,-0.038124373206415374,0.0012117874518382532
2022-03-25,-0.007754404319526564,0.005912092746819919,0.0036811035247075186,0.05909392191811036,0.0006704830626969027,0.01266112093797922,0.02614934935822899,0.019997473384196995,0.0012117874518382532
2022-04-01,0.030166689136011282,0.03132957762357469,0.03319165235208388,0.023735653076421004,0.0007076443787814579,-0.004911837825545939,-0.042459885859157165,0.0064173640281608435,0.0012117874518382532
2022-04-08,0.006445811830530168,0.03355516474443854,0.03270215086050876,-0.014361070034662582,0.0007417847326336435,0.002019298927622426,0.0072359042108933735,8.106614900094122e-05,0.0012117874518382532
2022-04-15,-0.017357914432095334,-0.015382790535074076,-0.007730421468834181,-0.01632581940989486,0.0006946815752870705,0.023958793069414286,0.03793698507496135,0.007425469678943308,0.0012117874518382532
2022-04-22,-0.017378533278390784,-0.018408443180341627,-0.013963388726639492,-0.019005953950371413,0.000745805544719591,-0.008746943257941675,-0.053752344364404014,0.021551673531079008,0.0012117874518382532
2022-04-29,-0.004041383806575927,-0.01577155348763437,-0.023353189156833598,-0.014735334824514168,0.000546784389023891,-0.011912660351083404,-0.04638848830336495,0.006796847222825475,0.0012117874518382532
2022-05-06,-0.04042091674464676,-0.04245395325760626,-0.06044785492728788,-0.034619645592365966,1.0620744472999988e-05,-0.00535837627955027,-0.03163008535111911,0.00717427820758143,0.0012117874518382532
2022-05-13,-0.03833343647650245,-0.06009932381596628,-0.070996528500467,-0.014440108450198386,0.0007051520124252697,-0.025364783108126288,-0.04899069641141751,-0.025563278055760086,0.0012117874518382532
2022-05-20,0.03066755720991665,0.0325968341396341,0.04445338040268143,-0.02037646539751914,0.000878787933753955,0.011515431162721912,0.03234123382996135,0.0011267644711174807,0.0012117874518382532
2022-05-27,0.005305484248887771,0.00033582516765529036,-0.029718495024801284,-0.015352569695116669,0.00089141572785012,0.003643070782787694,0.020793789483003033,0.007127219454937439,0.0012117874518382532
2022-06-03,0.014178339219401037,0.015505400237564304,0.03560647274542306,0.019716316389390975,0.0008666592403234752,0.0015880147893938545,-0.011153735743394622,0.04589223860200509,0.0012117874518382532
2022-06-10,-0.02306403999829465,-0.01637084098723618,-0.021784912895609243,-0.018940571631824055,0.0009092889137829463,-0.0077010224425155815,0.006979963844406578,0.030168130978412755,0.0012117874518382532
2022-06-17,-0.05606166078071839,-0.05636297929640133,-0.07101886267421231,-0.028959249289035482,0.0007008543100424092,0.00616298674503768,-0.013504445580625468,-0.09029863926613924,0.0012117874518382532
2022-06-24,0.026530879131657192,0.021835364415269787,0.016962425065641717,-0.052190130801020085,0.0010306865990643566,-0.009528175276678041,-0.019116480090963672,-0.0001085198326743475,0.0012117874518382532
2022-07-01,0.003363205547239456,0.005625904301479245,0.008548202889467227,-0.03365018979713297,0.0009977423102591754,0.016032999665274827,-0.06219007760333495,0.008035118885310055,0.0012117874518382532
2022-07-08,0.02974532270384711,0.04238977270298139,0.02853615504132989,0.06421707745789429,0.0009780895927073985,-0.01780885718344638,-0.01873898346347802,0.0034201521686496594,0.0012117874518382532
2022-07-15,-0.010566774237090293,0.006442911679453989,0.0063033545147568315,-0.016785235820271804,0.0008822672463622006,-0.010557702265196478,-0.024273363437909867,-0.00885674767157385,0.0012117874518382532
2022-07-22,0.04176214485960861,0.04166265637069455,0.04032503078331051,0.05780657263867561,0.00071186778261767,0.013453908794845981,0.0007102277127026824,-0.0037905497476665717,0.0012117874518382532
2022-07-29,0.026244930410620704,0.01648983860555364,0.007206912656591458,0.014300321798348836,0.0007575141897873117,0.00846882028409679,0.08175184869610419,0.0038933145735675634,0.0012117874518382532
2022-08-05,0.013943729692713402,0.006743593675651693,0.014976354556889948,0.03675723851269064,0.0010862449226862747,0.014979569379046875,-0.021867626585583833,0.005495592657908999,0.0012117874518382532
2022-08-12,0.017281241018824556,0.01611373023404461,0.007896056328069445,0.008159339409281152,0.0009908305551833418,0.006261153212295811,0.04934287773790036,0.027410371659320365,0.0012117874518382532
2022-08-19,0.0034070694843311156,0.008536206200941976,0.005459970892028432,-0.003179514675245687,0.0010925176824143623,-0.012888929578993014,-0.07653168208431216,-0.026865407092222293,0.0012117874518382532
2022-08-26,-0.011236838626331735,0.005753469697199698,0.020493798732269752,-0.018557879237730113,0.00099341817355314,-0.0027014618827395642,-0.015253559586518972,-0.002733194177214293,0.0012117874518382532
2022-09-02,-0.0011077670834892528,0.012903563201138724,0.011585543904910178,-0.04934018210614721,0.0010394435253351375,-0.020993235241362318,-0.05341313424608196,0.002987464830919828,0.0012117874518382532
2022-09-09,0.016756534766828146,0.01722223277313306,0.026537552711272783,0.007873222271224778,0.0010638418019155438,0.0066866710322683875,0.04947934392046771,-0.016614717333967133,0.0012117874518382532
2022-09-16,-0.01696260134108374,-0.018561990988267607,-0.011876949858382058,-0.03227463624319171,0.0008194118502073966,-0.03206599933054943,0.036047200766585075,-0.023758933114204295,0.0012117874518382532
2022-09-23,-0.011608108251135452,-0.01687768567533121,-0.016413380067700323,-0.02942118138680594,0.0008477763505527758,0.013251334489657873,-0.00874579140110232,0.00913676902388949,0.0012117874518382532
2022-09-30,-0.013446949778974537,-0.011395518218577538,-0.012209482244504466,-0.003501857128938024,0.0010994521226652676,0.007940218472934468,0.011510004047392774,-0.02448388807340185,0.0012117874518382532
2022-10-07,0.012887345016576734,0.027134036142460127,0.023769576369071954,0.028772269018524366,0.0013169314100338614,0.03081561250594933,0.07632921321892594,-0.005840700040746216,0.0012117874518382532
2022-10-14,-0.0074475180824222775,-0.027159149907288516,-0.021417820942740473,-0.043339000270791406,0.0008435397162314118,-0.02764673658191652,-0.10951485025717167,-0.004158751248235282,0.0012117874518382532
2022-10-21,0.02272829039588009,0.015799343493475115,0.007774711909459109,0.002120004532347064,0.0010738010682977972,-0.01225147480029054,0.06521219161889813,0.0033000931320947835,0.0012117874518382532
2022-10-28,0.011976353990514221,0.014583909468750766,0.0053460236464966115,0.006569468693061964,0.0011605703980823723,0.01287150112222446,0.000809459321825523,0.011556835781472596,0.0012117874518382532
2022-11-04,0.018572739046093023,0.01931535912417104,0.011256250334690021,-0.02477873701283384,0.0013318462838147749,0.00023110296932937757,0.08896162230105031,-0.02394548366093585,0.0012117874518382532
2022-11-11,0.012835839141973171,-0.0075911713750203,-0.005401341026879503,0.04264966368702594,0.0012402066891874508,0.03395697331756353,0.013483883731348678,0.023903771466478485,0.0012117874518382532
2022-11-18,-0.002291526832332691,-0.01621438207510928,-0.004003749394529299,0.01805922209722355,0.0012101935687127696,0.011170688533280293,-0.018406496333127076,-0.045842754409695874,0.0012117874518382532
2022-11-25,0.011202945489937166,0.025603630048490755,0.019356369774683246,0.005022453638670044,0.001200802942448842,-0.006186451384901148,0.023040399758169183,0.03814183630508872,0.0012117874518382532
2022-12-02,0.009903963991033216,0.026905300074161698,0.023451614446187152,0.011802238961552192,0.0012461221108104326,0.02000892696839185,0.06879115020230175,0.00983494476318536,0.0012117874518382532
2022-12-09,-0.010670674855624007,-0.008544522269658628,-0.007824288710579053,-0.012400170867644,0.0011828777014391,0.005013067499603174,0.03563246570262102,0.033750688319777566,0.0012117874518382532
2022-12-16,-0.012304943296693405,-0.00963285395037805,0.005215972341790165,-0.012236661894033274,0.0011254001386837853,-0.00021691902186227185,-0.009397488362438366,-0.008261196271606153,0.0012117874518382532
2022-12-23,-0.025299645232360835,-0.04880890256300008,-0.07909741994556418,-0.03231713821852367,0.001297103339052974,0.01279826837562914,0.026688958445651778,-0.029640041732058697,0.0012117874518382532
2022-12-30,0.016763258244249624,0.04183162808931362,0.05788005578800548,-0.009684990858825349,0.001470874866361882,0.0021418353343269914,0.003641613632488161,-0.012053377590830805,0.0012117874518382532
2023-01-06,-0.013578982501887271,0.00011538477418682191,-0.007857613711272249,-0.015512559213355925,0.0013139746671813057,0.015174162653992296,-0.003964874863485179,0.012021903973103099,0.0012117874518382532
2023-01-13,0.005439719301254087,-0.000559785904486021,0.003136045924469144,0.03642378106094757,0.0010636767967346916,0.015368411415501715,-0.0016568015962937777,-0.004675242993857243,0.0012117874518382532
2023-01-20,0.003956806009802971,-0.0068877606270970615,-0.009675433004371459,-0.004957551667779669,0.0011450063965405821,0.010988985783272565,-0.015043292576082057,-0.008094472479568626,0.0012117874518382532
2023-01-27,-0.02348064068682687,-0.025802522178837717,-0.032241991491686495,0.0481620736140278,0.0011610878116903312,0.0004101816745722964,-0.01022009704299165,0.0021740876559508404,0.0012117874518382532
2023-02-03,0.014184061178950103,0.016666643588266528,0.013036706304427659,0.05302634804642525,0.0012491748180536444,0.013120119017306475,-0.043705045267275255,-0.08754066567821917,0.0012117874518382532
2023-02-10,0.00013718000357498816,0.01949084432555659,0.008955886988194939,-0.0010031708402695738,0.0011975708051921163,-0.015378355922537668,-0.007572765943206661,0.020980361505524847,0.0012117874518382532
2023-02-17,0.004911333057990186,-0.012870908384871926,-0.00878437212572969,0.0016066238376644115,0.0012100232505523056,-0.014591021099446544,-0.01349702362279126,-0.006914790669795723,0.0012117874518382532
2023-02-24,-0.026660339180815562,-0.021007341883563346,-0.017822925684091495,-0.01243105627839125,0.0011280702664979714,-0.003545401062307607,-0.04183065557411203,-0.0031379820381682855,0.0012117874518382532
2023-03-03,0.007360030595505274,0.017317525915001353,0.010173326802008553,-0.012993592036743107,0.0011607654838889925,0.0008371895468670676,0.010576712699579272,-0.01170717461432047,0.0012117874518382532
2023-03-10,-0.010312925614102575,0.00048704975358737634,0.002392568085384683,-0.0029826278464966105,0.0014443764880629484,-0.00815557072641826,-0.03799592906592364,0.00776452024851948,0.0012117874518382532
2023-03-17,-0.017966542181762968,-0.016255309410130425,-0.0281814637462815,0.03868372091559036,0.0013609418315818633,0.04891418258268598,0.10506533818858466,-0.006124236709531883,0.0012117874518382532
2023-03-24,-0.00906430056745533,-0.024028911321011925,-0.016673000200482235,0.006952000509181877,0.001476059917502326,0.023115608560380085,0.03558726723957628,0.0685417726794113,0.0012117874518382532
2023-03-31,0.02447317651056391,0.02209745642824812,0.009181287618702516,0.029588717014099153,0.0017460516729159714,0.003339846048116213,0.03358588731053436,-0.032180919244268025,0.0012117874518382532
2023-04-07,0.013790543678624312,0.009903456780810727,0.02221804883090095,-0.015039751930297496,0.0013633607297682815,0.01448994875443077,0.037511382599985765,0.008905387476748405,0.0012117874518382532
2023-04-14,0.013003446433238475,0.014817494922832353,0.013285941366355747,-0.0018479132656116226,0.0015441018078008462,0.002509115035171261,0.012605583318789693,0.0001906788498093892,0.0012117874518382532
2023-04-21,-0.011439826046107271,0.006217358726011479,0.0031090145221093213,0.008769380785001779,0.0011562086442256092,-0.01251439600245563,-0.009040635804289932,0.024728943737655662,0.0012117874518382532
2023-04-28,0.025019742862924632,0.02651951139774056,0.028672165668674365,0.004249999484151834,0.0011187481913441655,-0.0007798969548318269,-0.006720606206377822,0.0213446646618618,0.0012117874518382532
2023-05-05,0.00022142264046509652,0.008250745972034235,0.010822391547867127,-0.0029816057993083955,0.001298140951895732,0.024390243902439046,0.029144106871852538,-0.02751224852503087,0.0012117874518382532
2023-05-12,0.013603452390835047,0.012482273274327715,0.011485878788477288,0.03009835044341158,0.0012673433228143072,-0.01123809814453125,-0.06363661196598658,-0.012914020835550488,0.0012117874518382532
2023-05-19,-0.00608253357246713,0.002896301601312379,0.0074505436821388216,0.04214272383820705,0.0015039296234446997,-0.009054155694176114,0.004586270863043307,-0.02108723700178139,0.0012117874518382532
2023-05-26,0.016257908544516697,0.027517138081416093,0.013364629577777176,0.003504667450814125,0.0013038103621638708,-0.0021383514500559198,-0.028228378844974644,-0.012675267695282821,0.0012117874518382532
2023-06-02,0.0018784444174400061,0.021323503975085867,0.02440801039897611,0.035372120017954645,0.00127756195155726,-0.0001948594559452177,0.011618535353908221,0.004357087709064844,0.0012117874518382532
2023-06-09,0.0015809120414556066,-0.0031985357723876007,0.012027719791340319,-8.650870085513684e-05,0.0011978975458262209,-0.007014820976077862,0.03187330376702091,-0.007649720169889296,0.0012117874518382532
2023-06-16,0.014146094134112497,0.02972758169466516,0.028123040005411104,0.04497878142711986,0.0012887589969452495,-0.005886955307107811,-0.017506397922666284,-0.010411319757710924,0.0012117874518382532
2023-06-23,-0.00852544353553597,-0.00778517166710091,-0.010033359804622055,-0.017051548714704934,0.001280972047021267,-0.01796288689603298,-0.07252875031133721,-0.010352457715913088,0.0012117874518382532
2023-06-30,0.02804911635102192,0.03258809649748917,0.019231066944974673,0.005978939658717097,0.0011964828833903596,-0.00884419350168808,0.02353399336656281,-0.006201301733678721,0.0012117874518382532
2023-07-07,0.007439138164118342,0.004256070505638698,0.022111626272625973,0.012389112408137892,0.0014059977697344905,0.01439868312105208,0.020910832496264797,0.03504052356948839,0.0012117874518382532
2023-07-14,0.012037120668846102,0.01779753061951328,0.0172213570742894,0.026872828959752848,0.0012766045567293993,0.0113954356179089,0.0735789530068438,0.006691496028075727,0.0012117874518382532
2023-07-21,0.009225893838329613,0.009235829326885714,0.013463493561989281,-0.007005416937587272,0.0012669379462078023,0.0011860322812817792,-0.012011868419007032,0.014149507401350236,0.0012117874518382532
2023-07-28,-0.005011355722967847,0.022950161008414627,0.01157006691363427,0.01840736821832545,0.0012315671973233133,0.0003948004435141428,-0.009764183571746354,0.005612916897548059,0.0012117874518382532
2023-08-04,-0.0065687899663359195,0.005202978294985838,0.006997926289343814,-0.011067755634841747,0.001310492670687502,-0.003355006415798556,-0.026082249033693272,-0.0012819308829907783,0.0012117874518382532
2023-08-11,-0.004544715824665646,0.007442744378804322,0.00519096110092554,-0.015217386763995311,0.0011436641997664143,-0.007326711522470553,-0.03974804414423705,0.02285165609159967,0.0012117874518382532
2023-08-18,-0.00608135482126293,0.0002264118797563608,-0.0033797912637894,-0.02877930433593634,0.0012258222273413555,-0.00758031238816248,0.004533384575200028,-0.017776530842979366,0.0012117874518382532
2023-08-25,-0.0022966993253730195,0.018227488913606926,0.018596724266489728,0.011701316431817155,0.0012888450017365383,0.003819067873547466,0.06132771105388368,-0.011454880014371227,0.0012117874518382532
2023-09-01,0.008797973254502045,0.021684692646311232,0.04054498559707986,0.036778150754880334,0.0013112842742353248,0.008610338746501522,0.0009918707739637878,0.015527294660792945,0.0012117874518382532
2023-09-08,0.019791226378708116,0.03432772628983072,0.029112526514432968,-0.01364363538572011,0.0012608631947124138,-0.003176490982826463,-0.04891072717748257,0.00847614888259507,0.0012117874518382532
2023-09-15,0.01878916976602052,-0.0009659014971641344,-0.005284192558825951,0.01432060304620797,0.0012713114208571241,-0.0017924746908772882,0.007634434259972345,0.005883535959657182,0.0012117874518382532
2023-09-22,-0.025658213105346328,-0.012117669906628215,-0.021395519052718526,-0.034413611338849126,0.001281877997500347,0.0019952572017063464,0.018639911549513943,-0.023171251935085846,0.0012117874518382532
2023-09-29,-0.0018272218127756146,0.010156677833869532,0.015944759682375187,0.001661518182925148,0.0013480776529526395,-0.018518524145164528,-0.0542069365679505,-0.010988722389201122,0.0012117874518382532
2023-10-06,0.000773957936549774,-0.0058518981390760505,0.007060243869136951,-0.008376894242240196,0.0012840468161343654,-0.018462159271850243,-0.03092912894568889,0.01214199090622059,0.0012117874518382532
2023-10-13,0.004963532258885239,0.007190068920336579,0.007363971446404216,0.0219137069260813,0.0012577617756439619,0.02294337713611805,0.05558209723336027,0.00923555240886098,0.0012117874518382532
2023-10-20,-0.01055135713705102,-0.024104001590493196,-0.0005762981525165856,-0.022507775357105686,0.0012233306159605828,0.04243278243885795,0.025727540886094413,0.004917368720612547,0.0012117874518382532
2023-10-27,-0.025349703378138133,-0.027616618461600684,-0.03027341435088471,-0.024616950798741932,0.0012635167099028788,0.0009691652822769736,-0.02300178328783986,-0.010337802736036794,0.0012117874518382532
2023-11-03,0.009626040996731922,0.025219567469831006,0.01901880359261021,0.03639802189817698,0.0013432728334985544,0.0030983704357707698,0.018497720633493087,0.04439439446040683,0.0012117874518382532
2023-11-10,0.010127089324092564,0.02673424490163101,0.02394808094496459,0.017559803348301317,0.0012696224105164244,-0.009459418358812588,-0.041668909228741,-0.004883379690003631,0.0012117874518382532
2023-11-17,0.015775838172153334,0.025116796496609695,0.034259096172305714,0.04232808011578548,0.0013187724391345856,0.01071914290274889,0.06919229454580922,0.010647999930778473,0.0012117874518382532
2023-11-24,0.003187668383504594,0.004182941751090352,0.0006203179838935036,0.013744587777358763,0.0012999152314789875,0.00559199599140503,0.024590576739464964,0.014914978333630202,0.0012117874518382532
2023-12-01,0.023905448961142772,0.03172246502582543,0.026311184018698253,-0.0015406898698377969,0.0012771446561308242,0.02186000683207512,0.04820013344182139,-0.006566242747962248,0.0012117874518382532
2023-12-08,0.03461137989036511,0.023486983283675933,0.010820479307493969,0.003009022357934432,0.0013415241378358367,-0.006567879204452787,-0.09911738827104466,0.02574589596166299,0.0012117874518382532
2023-12-15,0.023236239039903017,0.032093075822176464,0.025956171548427998,0.03415386493389416,0.0011826917822643779,-0.0024555583073321285,0.03840956408671081,0.004326587486075839,0.0012117874518382532
2023-12-22,-0.0049984502728748215,-0.014670679641980211,-0.002058557782882442,0.006322454844472469,0.0013580805319477474,0.007195554696769246,0.015579572071844572,-0.01020442479685113,0.0012117874518382532
2023-12-29,0.017892774176821558,0.023893536113574587,0.018075681894395235,0.009904735480662064,0.001596092646723557,0.008836270592929019,-0.0277907434873923,0.0020987894486252934,0.0012117874518382532
2024-01-05,-0.0009479190942469629,0.024085265038729542,0.02429266454545953,-0.030520369025251237,0.0015254251059948487,-0.009690653358970347,-0.019591251789278008,0.024333947993173677,0.0012117874518382532
2024-01-12,0.008463529367313427,-0.008004278969608647,0.011844310042017803,0.024762181889226076,0.0014097635303826905,-0.002822689365910347,-0.0002495925576951885,0.052323065172427574,0.0012117874518382532
2024-01-19,-0.012430051355886373,0.009240844735569853,-0.0002886186674340152,0.013555298831804619,0.0012404622653885422,-0.0028307514838192827,-0.024524861691452515,0.004114975067765814,0.0012117874518382532
2024-01-26,-0.01247783670526148,-0.017600109212223547,-0.00032649302258769275,0.03132720963244595,0.0010527853492201533,-0.002270986592320945,0.007976321996905344,-0.0047812323858088535,0.0012117874518382532
2024-02-02,0.023472606663543782,0.03154835312027937,0.043461859653332935,-0.0005638299485434262,0.0015814980409585289,0.016312606040188138,-0.0049947970468023906,0.05401639240556455,0.0012117874518382532
2024-02-09,-0.0032626261199916184,0.013413692839397529,-0.003133308734641904,0.011423701749364579,0.0013395079743561134,-0.009891798728662082,-0.006930325878611976,-0.015436777117757816,0.0012117874518382532
2024-02-16,0.011853516297486433,0.014056152359804397,-0.0019466246821630007,0.006344584177497614,0.0014137967825116338,-0.013195113534524516,0.0407431939418772,0.028514518790918597,0.0012117874518382532
2024-02-23,0.00780374516674498,0.0019058882777365227,0.004675811320593581,0.004503319743418999,0.0014739403277646002,0.0017192006726109987,-0.02167286374159738,-0.010763253996622923,0.0012117874518382532
2024-03-01,0.005674716971974192,-0.01166962378989611,-0.007129463108540124,0.0052417027246183245,0.001403618148607455,0.008771985339748545,0.008343556653994222,0.03918101365464355,0.0012117874518382532
2024-03-08,0.006929697554697523,0.0036192560611718605,-0.01713985935907192,0.003156135258093995,0.0012351754619914779,0.04801506668364652,0.04935587236217276,0.0003701197142278456,0.0012117874518382532
2024-03-15,-0.020903821564132397,-0.04322005169443577,-0.05950406495322713,-0.007796999776351954,0.0015865904461129787,0.005230896874294455,0.03804411214585257,0.018025789523845814,0.0012117874518382532
2024-03-22,0.003332844091697762,-0.001168899715882854,0.017170290070077643,0.027366000975249882,0.0012670384890483,0.004665389168600598,-0.017076298455260597,-0.023859820699696055,0.0012117874518382532
2024-03-29,0.01041557652709102,0.014744976673402466,0.011940881883895083,0.002281344685965747,0.0016272134395616256,0.011073386556500253,0.005922416049150003,-0.016942218748455806,0.0012117874518382532
2024-04-05,0.008366536548146897,0.033404769110634724,0.06403825374638017,-0.013857325321703251,0.002054474709237475,0.04274859817794807,0.10646745122374601,0.013338583900839085,0.0012117874518382532
2024-04-12,0.00025323123577369877,0.005061398661294625,0.0048497655044712484,0.014255693016900217,0.0015362614974616662,0.04878877058566555,0.029616974615713776,-0.049207185433739364,0.0012117874518382532
2024-04-19,-0.016536869728557835,-0.032290283838530054,-0.01043914798084522,-0.052071471712773265,0.0013057062771515415,0.005330347793055079,0.021965730896496893,0.024936167823166544,0.0012117874518382532
2024-04-26,0.012324433049623051,0.035879636031154405,0.043021447829792114,0.022594060848122766,0.0011293333596873456,-0.014620819776213878,-0.05714725973354906,-0.008137481638524124,0.0012117874518382532
2024-05-03,0.0024933326155016644,0.007530208203894606,-0.0013405542579594254,-0.004764223107662113,0.0013142594994133283,-0.013859485789024628,-0.02800282755580752,-0.024749848289025378,0.0012117874518382532
2024-05-10,-0.018715661384811066,-0.019690852819263083,-0.04358806725483555,0.023380013399871835,0.0011254229387334114,0.023809501283202916,0.06988083284418956,0.014633186653320696,0.0012117874518382532
2024-05-17,0.018630545412424926,0.04351575408084596,0.045548132209267234,0.01342289377033623,0.0014057490390160243,0.0006460096367930657,0.09817800956783462,-0.03839293499998464,0.0012117874518382532
2024-05-24,0.021855151029202657,0.0101583301179764,0.0046065002754773765,0.008027272086073012,0.0014758506923870929,-0.01726920126911946,-0.025244018570889426,0.00527434965864737,0.0012117874518382532
2024-05-31,-0.018573791893592317,-0.014949561605359651,-0.015063990073878375,-0.0017254612874938458,0.0013065781425098955,0.006569248314804765,-0.0006742158845067792,0.025471089471291064,0.0012117874518382532
2024-06-07,0.03370739471960049,0.0352374390073138,0.030291175494588485,0.02905012689454267,0.0013513695614648658,-0.0032631874686231965,-0.029983719912229367,0.0070028660069845206,0.0012117874518382532
2024-06-14,0.007533193895588708,0.038201171974242776,0.046307501940993756,0.02868218574854753,0.0013221922212460768,-0.00802098014802577,0.002872406436545072,0.03349315410773368,0.0012117874518382532
2024-06-21,0.0015128528821319875,0.006454701089558368,0.011931933993142296,0.015197174613569064,0.0013139710814058514,0.015346540075787729,0.006773273835051885,-0.0146933904926847,0.0012117874518382532
2024-06-28,0.02167983662333617,0.005590866948467443,0.003783756657149917,0.0071136574937114005,0.0012867502830933297,-0.01462697430581561,-0.013143887066789595,-0.009588412192475193,0.0012117874518382532
2024-07-05,0.013046321420381757,0.024581218379810643,0.03513811090192309,0.019409149987684948,0.0015527354598505738,0.01401943689834595,0.0741179876205511,0.0048125025376952735,0.0012117874518382532
2024-07-12,0.007330286287466459,-0.008849234327807487,-0.0018688460019288256,0.004277830028656782,0.0013071852400143857,0.0066688329613673325,-0.01569757585021736,0.014900717004178388,0.0012117874518382532
2024-07-19,0.0011733664001589705,-0.02246958559582435,-0.02917546330820009,-0.028317651603784078,0.0013250503528863256,0.008402011033961099,-0.056457231391490836,0.007754937010719054,0.0012117874518382532
2024-07-26,0.012390463208034497,0.04487570186279721,0.028199540241709453,-0.031057136512549044,0.00127949910442271,-0.03877580796125668,-0.04149209908904261,0.018567312174690542,0.0012117874518382532
2024-08-02,-0.004717177372428161,-0.0016659864133508062,0.001714133488809555,-0.0200089182195764,0.001285140446703359,-0.005334280722921636,0.013931185211732755,0.008290187460665344,0.0012117874518382532
2024-08-09,-0.014167953726225035,-0.0056917899038453346,-0.019332320328115604,-0.010988928125335806,0.0012977410398364864,-0.0169264010813871,-0.02402293156775226,0.018028208004787105,0.0012117874518382532
2024-08-16,0.007126311300913013,0.004308718246724297,0.0020477736489070697,0.04799465811987247,0.0012811601338880152,0.013808410763689327,0.0464603843367184,0.0263507344210534,0.0012117874518382532
2024-08-23,0.011490903870086111,0.013347671578056497,0.03656299298516985,0.0021957723771490745,0.001310130453007874,0.0131158359388992,0.0349317305370902,-0.0327726652981748,0.0012117874518382532
2024-08-30,0.016627623549180237,0.009457585483254594,0.009091092499539544,0.00118937365512517,0.0012556808880817005,0.006804976720532929,-0.035942054500853415,0.03964212123658806,0.0012117874518382532
2024-09-06,-0.015206511123437516,-0.012326494865449122,0.007572796707530083,-0.032949882406007824,0.0012753632938893311,0.0,-0.03110466625467767,0.01172247800627968,0.0012117874518382532
2024-09-13,0.020294002790408605,0.02827173247982917,0.012852453252047091,0.02463307431110273,0.001277224598549731,0.01615561399112231,0.10332140090661435,-0.015228371239448424,0.0012117874518382532
2024-09-20,0.01713364300080844,-0.006549992964213769,-0.004233369106453888,0.012367533863623104,0.0013790740025687587,0.012816367997239286,0.01166508671373001,-0.003956438335247392,0.0012117874518382532
2024-09-27,0.015044037220542705,0.013147567587590059,-0.003509450754773047,0.024370503631333085,0.0013425914460076793,0.016818824794615495,0.011031062972878924,0.011475141095306007,0.0012117874518382532
2024-10-04,-0.04447656014172885,-0.03533696145176857,-0.02055447336685301,-0.011864996255631644,0.0016014800666923623,0.008034060174986868,0.024103878896903908,0.01339836942255701,0.0012117874518382532
2024-10-11,-0.0020128089260372795,0.008134246895667552,0.010617762814583376,0.015578810802847176,0.0013383008606902003,-0.0070323605428327385,-0.01966463711642541,-0.01803339811267768,0.0012117874518382532
2024-10-18,-0.0044142811720760955,-0.003649969422018784,0.0013068018036568319,0.0030922802902657587,0.0012150890213593613,0.025810503084957803,0.049315376557476975,0.009775439761212201,0.0012117874518382532
2024-10-25,-0.027088139713140946,-0.06324192463846257,-0.07022887486476204,0.0025386736142853916,0.0012461971649184722,0.004142323439740192,0.017625118093077097,-0.004980817081828515,0.0012117874518382532
2024-11-01,0.00510937703191372,0.014896638118466088,0.05796154073870663,0.0024719863776714313,0.001106107250833377,0.022459912746300104,-0.031462899443057246,0.030116209859349263,0.0012117874518382532
2024-11-08,-0.006424791987223899,0.0004856821731553662,-0.016979885333104794,0.05250493476402096,0.001567545305981577,-0.028690947720860782,-0.03389042322236746,-0.015481109367739054,0.0012117874518382532
2024-11-15,-0.025488443027341434,-0.03888386373170871,-0.04722056332137747,-0.0008571079799106762,0.0012955431459311662,-0.049384601299579334,-0.029582970860064117,-0.023458338497762243,0.0012117874518382532
2024-11-22,0.015916184444815906,0.020308251132728383,0.006591653439728562,-0.013954831891522579,0.001266907571991771,0.05729083772578103,0.031061617814216458,-0.03152060762118469,0.0012117874518382532
2024-11-29,0.009363252125401234,0.022408266431601875,0.047548139540631196,0.02012644943447528,0.001275299261513485,-0.01591919311768608,-0.02012403019198805,0.009073990794125741,0.0012117874518382532
2024-12-06,0.02265546041103761,0.03978277141628572,0.03457239046251814,0.022572214637748722,0.0013515866942612753,-0.004666343642687587,0.01888029857185769,-0.0009694619486184664,0.0012117874518382532
2024-12-13,0.003667263578396307,0.008209652468256445,-0.0035571716617176508,0.11704190758188293,0.0011675882589616826,0.0096889969623708,-0.015223022207571324,0.008597044519851105,0.0012117874518382532
2024-12-20,-0.047673871198458895,-0.0349502706038739,-0.031214816747655916,0.0002987198566752891,0.0012669361554784597,-0.019965963524858132,-0.027437791735865358,-0.048495780010170186,0.0012117874518382532
2024-12-27,0.009577123078961414,0.002411720988601429,0.0012178848145669718,0.0823546339572585,0.0010669193307333291,0.014055581079245982,-0.00038546135213324284,0.050433821049423955,0.0012117874518382532
2025-01-03,0.008035375302820391,0.01647042051309988,0.014555385988947123,-0.03029744151680125,0.0017912340492987067,0.01339356210269016,0.011494134575740222,-0.010131707301158532,0.0012117874518382532
2025-01-10,-0.02388069028004869,-0.056554941177279994,-0.06340884496993215,-0.061776971801696834,0.0011528115544066075,0.01321654548002038,0.04452229003821917,0.013152095595673874,0.0012117874518382532
2025-01-17,-0.009743327625205356,-0.008305781833057302,-0.007895041259697977,0.03491840761747378,0.0014031169598820448,0.011072400326931131,0.0034465313015847876,0.0013328723552876731,0.0012117874518382532
2025-01-24,-0.004783823082047389,-0.020651097122995954,-0.041843046896051006,0.07807612302785927,0.001240845076783792,0.01665155895555359,0.00040623462940270194,-0.029069649914863827,0.0012117874518382532
2025-01-31,0.018023453198734662,0.008167505859243196,-0.009414648992682073,-0.06531092262980287,0.001368146485105859,0.01933016456954939,0.03809630542913456,0.031199783101571343,0.0012117874518382532
2025-02-07,0.0021927833144086417,0.004147684429471887,0.011652237396786225,0.014294772868294503,0.0014581125912658255,0.03561087173229893,0.01737660765506277,-0.010401338305107921,0.0012117874518382532
2025-02-14,-0.02676997360622757,-0.07213476447043277,-0.0956674685858161,-0.01853623517604175,0.0013428779802493462,0.009505176075951027,0.004750190693101786,-0.01878300948399758,0.0012117874518382532
2025-02-21,-0.005815698698169336,0.015448049819914988,0.012533056245618512,-0.01070870775943289,0.0012776739735764764,-0.0019385127012196968,0.0018252532869913463,0.010656355216667412,0.0012117874518382532
2025-02-28,-0.02944394212878021,-0.042591451962170734,-0.05712917741268475,-0.0950108851381245,0.001283134791655094,-0.013596050666460635,-0.04369041514102101,0.002752895463173477,0.0012117874518382532
2025-03-07,0.01933589139541625,0.02820863932312423,0.054779707633990427,0.015277621536886166,0.001147428429813857,0.015611823265447411,0.040203947906728654,-0.010954239606542848,0.0012117874518382532
2025-03-14,-0.006886189169715062,-0.020776320247358537,-0.034743019674227105,-0.057620271227950104,0.0012729958740400615,0.00844759199675349,0.04786454299999843,0.01834845223077286,0.0012117874518382532
2025-03-21,0.04255894509689506,0.07315424213028643,0.08135164356894964,0.05347200756089587,0.0013717451011956427,0.015517677261103868,-0.032802789236526686,-0.029084831683629297,0.0012117874518382532
2025-03-28,0.007235388512559782,-0.004685582814919487,-0.009070153570754691,-0.02125250797981415,0.0023525218669009362,0.0028398474987656463,0.03294405196200678,0.026109798257667016,0.0012117874518382532
2025-04-04,-0.026144447054772924,-0.022171301095735618,-0.02142139418708,-0.035822541247295225,0.001998318967497914,0.011191938520416,-0.16360654234405225,0.03387224993749571,0.0012117874518382532
2025-04-11,-0.003313698433659251,0.002047257703450045,0.000392395702953241,-0.04515572468870366,0.0012912410808043617,0.03880522396327879,0.1055351901051984,-0.020536131297604787,0.0012117874518382532
2025-04-18,0.04481666923050209,0.03934353296605897,0.04502815535205307,-0.008799767697386218,0.0012025245411093621,0.020924226206548546,0.011170798571493723,-0.0024857282009091985,0.0012117874518382532
2025-04-25,0.007869443651739028,0.020786621036127828,0.004662847319873986,0.031404740250865926,0.001169650967265845,0.0062869358440145184,0.013234509486403034,0.030065817802118255,0.0012117874518382532
2025-05-02,0.012785271414129218,0.002566448183319636,-0.0109378469660113,-0.004918587328110791,0.001089676197668421,-0.020617287905116743,-0.03668915112793181,0.0030375823283506076,0.0012117874518382532
2025-05-09,-0.01391150462355728,-0.005192276582691724,-0.01783855526483935,-0.005119425118800147,0.001077741377106145,0.03087529833045899,0.03818574161164423,0.0175107467158111,0.0012117874518382532
2025-05-16,0.04214431777949024,0.06266583638914391,0.08787861146542109,0.07097651552701523,0.0013328790158235737,-0.03737628908907864,-0.023138555249838988,0.008029430356734313,0.0012117874518382532
2025-05-23,-0.006660740110684182,-0.01007566150403394,0.007756450871326814,-0.02071022172813719,0.001406243873995905,0.022242265159228447,0.04637834594911072,0.012998765084060837,0.0012117874518382532
2025-05-30,-0.004122260971536451,0.007360558533245243,0.018151725897739723,0.009699897873166607,0.0012379350332691885,-0.00025159441483424416,-0.023466083481696876,-0.023128397434516,0.0012117874518382532
2025-06-06,0.01019573468489443,0.0356711526927449,0.026893474310328402,0.007149319068842308,0.001587873671278217,0.021889615548186248,0.10187453400094393,0.03822763982859856,0.0012117874518382532
2025-06-13,-0.011376658567134212,-0.010724412353902535,-0.004359059304629542,-0.0008319052195008281,0.0010101831418378726,0.02339029690957406,0.004888437904698284,-0.0026770312889963233,0.0012117874518382532
2025-06-20,0.015931354828881306,-0.0021138726931757557,-0.01705080446791063,0.0016651110329506391,0.0010761853618368455,-0.010826343392515536,0.0019551492336218335,-0.016433693040384667,0.0012117874518382532
2025-06-27,0.02092195020995069,0.024680139922664157,0.0428772087165723,0.0472100859690332,0.0009606326078073213,-0.029429717859008053,-0.00891803669454383,0.016965660427710416,0.0012117874518382532
2025-07-04,-0.006896097787736255,0.0047850017817177015,0.006796077166274506,0.013757292815257394,0.0015174183759196769,0.013532162186344898,0.016341935373278993,-0.007569216909365628,0.0012117874518382532
2025-07-11,-0.012220666534111024,-0.02127229979487788,-0.00657294733395164,-0.0017746038122522512,0.0009944547943996351,0.0032142679959488163,0.056816840498938426,-0.00497408124070009,0.0012117874518382532
2025-07-18,-0.007214723808223522,0.009858701815150583,0.014950074547815273,0.022379078584558787,0.0010762531293482258,0.007147280593330807,-0.008119633224189848,0.018201432466240952,0.0012117874518382532
2025-07-25,-0.00526266755455973,-0.018674863844823864,-0.029554603417228487,0.029560675166888428,0.0009911784864393702,0.004527041502392359,0.002988725624044841,0.01082637452986912,0.0012117874518382532
2025-08-01,-0.010937326997020547,-0.0227370462304336,-0.029729616136770387,0.015051407361996283,0.0009937292002126785,-0.001827058814455218,-0.024346117754229235,-0.02311455161885856,0.0012117874518382532
2025-08-08,-0.0082249522737462,-0.011122540156877414,-0.019056208582272083,-0.011011060195378786,0.0010258434737291378,0.02940822149915978,0.04363826675641169,-0.011999340339212461,0.0012117874518382532
2025-08-15,0.011000151515029977,0.008903734082202908,0.006942951333456904,0.013855228375957207,0.001077340444166186,-0.014461844616836417,-0.010696245123161141,0.010740857692732142,0.0012117874518382532
2025-08-22,0.00969493370430441,0.023904032638929484,0.02363003643417838,-0.01830250383703924,0.0010668637159310101,-0.00625447013331526,0.024589639737647495,0.01619924728430755,0.0012117874518382532
2025-08-29,-0.017822606542070796,-0.03630987122335361,-0.031917188281627706,0.016307043796608856,0.001009742342006792,0.03292173203687199,0.03421202547592017,-0.010712397647741567,0.0012117874518382532
2025-09-05,0.012860863993874538,0.023999770319286018,0.024118258949167748,0.0021035512103610987,0.0010520729790113315,0.0387860947976002,0.02875424172526375,0.008972161325283556,0.0012117874518382532
2025-09-12,0.015076189321369338,0.021013701453310274,0.0142330839507816,0.010788339708232009,0.0009674664552965506,0.02944163074367956,0.03284076250049761,0.02067208067469828,0.0012117874518382532
2025-09-19,0.008483347186827972,0.012407119861591376,0.02105884796169777,0.03313049691508052,0.001196898770021937,0.00032871771416465023,0.0028250948356367545,0.013393682513351823,0.0012117874518382532
2025-09-26,-0.02654677673713801,-0.04398250372773882,-0.047001340284709814,0.002851536161055046,0.0008877744923532216,0.03209552279320249,0.09360762938876599,0.011907273727486789,0.0012117874518382532
2025-10-03,0.009716232152117366,0.018711117784346643,0.019912437116201165,0.07029320802154393,0.0014463613625277372,0.030248338327285573,0.02915633866216938,0.04362695085195201,0.0012117874518382532
2025-10-10,0.015710439534229792,0.02563608868379008,0.0057271522850412815,0.04059053194832618,0.0010015508552589925,0.037086622905522226,-0.01223144303387147,-0.0010292643562117565,0.0012117874518382532
2025-10-17,0.01678837771903341,0.003225947891825509,-0.002115336152868519,-0.011384028984611327,0.0010287240890995974,0.07390486318396827,0.051880932241112454,-0.016907107383880904,0.0012117874518382532
2025-10-24,0.0033178249793766046,0.0040825365579302275,0.008341802778252472,-0.07997715025310626,0.0010935423934472777,-0.059291495938587735,-0.03215529784720572,0.03227582920040928,0.0012117874518382532
2025-10-31,-0.0028319579511562054,0.016102241015016228,0.005511376422846936,0.12530634329322332,0.0010222437515086114,-0.01651917753774146,0.0017519257314964065,-0.010199221831393879,0.0012117874518382532
2025-11-07,-0.008933906314601336,0.0014464997233332166,-0.0169718897963691,-0.042895135400770834,0.0011443418956975648,-0.0007997820870323524,0.0009137546164421639,0.008698084513339754,0.0012117874518382532
2025-11-14,0.016387300761305124,0.015783007472286448,0.0036074179971095077,0.013757161643552784,0.0011139792958212436,0.03872318413696685,0.05528555347376751,-0.024452625474680634,0.0012117874518382532
2025-11-21,0.0061018641263879125,-0.005511633940528671,-0.020940800406874183,-0.020482133493569532,0.00110545727809086,-0.01743567672826629,-0.015548003953956502,0.04029243735301491,0.0012117874518382532
2025-11-28,0.005171016205794077,0.01271196975419664,0.000529164175199881,-0.0028827044756204456,0.0010933710215150771,0.02568630143707873,0.14037771370664398,-0.013064735301122066,0.0012117874518382532
2025-12-05,-0.0006297001097950172,-0.0022987237856817444,-0.014205755489231975,0.012211442636697711,0.0011455562371822658,0.021697539509389463,0.040468965790709355,0.03362156398798222,0.0012117874518382532
2025-12-12,-0.005327182728543267,-0.0061439786716906974,-0.005944308781987373,-0.004902417709509943,0.0009130106568133733,0.02544673249354079,0.05519411527742091,0.00124663730284591,0.0012117874518382532
2025-12-19,-0.0030924476969846904,-0.0005990674941840357,0.0006616886556547463,0.0058690417639666315,0.00106115540015983,0.0019158752240060473,0.0893887998472489,-0.030608246610016043,0.0012117874518382532
2025-12-26,0.002923023194713048,-0.004781046400414435,0.01257650812273492,-0.0051959165453425715,0.0011426469972672937,0.04088506534553504,0.14232885796189865,0.0038067278404056992,0.0012117874518382532
2026-01-02,0.01099173235131734,0.01876231124649763,0.010936479076798067,0.005651134750758402,0.00127927666746519,-0.021782852917070494,-0.07900479818176709,0.020217765966348944,0.0012117874518382532
2026-01-09,-0.024507615529659854,-0.023375199906994548,-0.03490762869699182,-0.0009791218966161974,0.0008846153476744778,0.016007878021933042,0.11733182380808538,-0.0045381530689195815,0.0012117874518382532
2026-01-16,0.0004301950212359795,0.002906982057731211,-0.00013266277381951408,0.0037073129244291625,0.001000738657846112,0.03670449913337448,0.12238214833696048,0.030147551880556067,0.0012117874518382532
2026-01-23,-0.025130008292344796,-0.046543774392420745,-0.055080130932995464,0.009934667841469569,0.0009017577527565823,0.08184750797724516,0.16086305834120207,-0.031311036095397315,0.0012117874518382532
2026-01-30,0.010858868472283012,0.021109397768502403,0.029308672599101637,-0.03077184788114007,0.0011065507668572838,0.02903780412346557,-0.22238100365611713,-0.00307629265816034,0.0012117874518382532
2026-02-06,0.014732987595892144,0.019771511314453427,0.006410386269215973,-0.012404582931281216,0.00156847643462954,-0.04636969515005096,-0.03552922264289271,0.017616129789489454,0.0012117874518382532
2026-02-13,-0.008663587421952723,-0.0036920902301876835,0.007803574312931438,0.011155066222944487,0.00128871467942826,0.008477267681002765,0.017344078380183037,0.010858320872844773,0.0012117874518382532
2026-02-20,0.003931922538127797,-0.0028359867568734654,-0.0018450992513506792,-0.019327710653496144,0.001077644804062583,0.011419527825781595,0.06249605624110166,-0.01600749141947233,0.0012117874518382532
2026-02-27,-0.015353164564696709,-0.008677091201961251,-0.004871920254126083,-0.0026572959943633734,0.001100475528982514,0.031833190833025826,0.12596400251300377,-0.019244533824230636,0.0012117874518382532
2026-03-06,-0.02892137428248087,-0.027720452046350985,-0.02889290160399627,-0.016919035113848402,0.0010020784526538762,-0.00592704212098083,-0.08791449018588582,0.020516230825921467,0.0012117874518382532
2026-03-13,-0.05314215692931257,-0.04767539316573677,-0.036616059197839834,-0.008401845556630816,0.0008144274876962232,-0.0038220453447982417,-0.028281395010144594,-0.0218328638386045,0.0012117874518382532
2026-03-20,-0.0015809015551113692,0.0031499844397449017,-0.004411900029446358,0.029336745244470386,0.0011910852747434308,-0.07105593343459027,-0.13636942519479744,-0.017912720592337728,0.0012117874518382532
2026-03-27,-0.012758242255943242,-0.011334010019351193,-0.009234792176408768,0.02553544362820981,0.001003138126511205,-0.02915908516839627,0.01588644100403025,0.023879273889968466,0.0012117874518382532
2026-04-03,-0.004667040694099067,-0.008157884955389605,0.004715041795611441,0.03340096507085133,0.0028019507435654845,0.025950847302272484,0.027384091330070026,0.007828768639416506,0.0012117874518382532
2026-04-10,0.05888672277243634,0.07739762225369184,0.06985657160241221,0.07061428811922288,0.0020678499960833374,0.02413332218050601,0.04738621527744957,0.04030505915823812,0.0012117874518382532
2026-04-17,0.012596408272370407,0.03417125801718002,0.043559831513280356,0.11857396566623746,0.0013170339425139233,0.01060818860352919,0.07762963163908654,-0.01674487016424875,0.0012117874518382532
2026-04-24,-0.01870780842565145,-0.01603620512025805,-0.001496394870508122,0.02214243019229012,0.0008907825802488833,-0.006891030363155526,-0.05481826641046661,-0.015552146666997335,0.0012117874518382532
2026-05-01,0.004167787017550939,0.008407125897830214,0.01928453062307023,0.020605221042917732,0.000817977085493693,-0.004114911458643733,0.0011716114376001396,-0.00380057715856319,0.0012117874518382532
2026-05-08,0.007442409894369062,0.04416995224344733,0.042214593946050094,0.05882934383792726,0.0011148292825085004,0.007129524841952506,0.05285795934303117,-0.007627893877838354,0.0012117874518382532
2026-05-15,-0.022032059778696267,-0.020140958456344005,-0.04098062275985659,0.03873479166841287,0.0009263343250931477,0.04102651599773166,-0.025390745838678952,-0.0010200766118738658,0.0012117874518382532
2026-05-22,0.003205988167995333,0.011873897044647919,0.0031334511000482568,0.009390944133375045,0.000948573344735637,0.008422813592808609,-0.011664957874454318,0.02087436510950247,0.0012117874518382532
2026-05-29,-0.007232539560593221,0.0007037764793385026,0.012923692454284819,0.011953154374305663,0.0013436912229991549,-0.014176291980962596,-0.004952058941651738,-0.006304047125373691,0.0012117874518382532
2026-06-05,-0.007688665849178822,-0.016674740222454965,0.0036723178453221816,0.019190662220537336,0.0014043731093946743,-0.006762496373591165,-0.0906966676671549,0.0024111933290753562,0.0012117874518382532
2026-06-12,0.010964371539024187,0.003895597885811508,0.0014424116435545198,-0.07158076160402993,0.0016016505083831234,-0.04586007721343799,-0.016033413707925548,0.0021018092361759777,0.0012117874518382532
2026-06-19,0.016517837026686744,0.027186557318486182,0.037162449215215165,0.032638445815345474,0.0015503244016197293,-0.017470450175584906,-0.03282586478017124,-0.007620655203481985,0.0012117874518382532
2026-06-26,0.00178654115140775,-0.008313993300349765,-0.0005138119487960724,-0.007886472120244514,0.0010349391870372315,-0.04032057595909588,-0.11054600978667628,0.005706563977159407,0.0012117874518382532
2026-07-03,0.008931227526396635,0.011109964831678143,0.016467423571999262,0.021361461232036527,0.002022366535635589,0.046537913332705516,0.03511479565876763,0.043454895793536785,0.0012117874518382532
2026-07-10,-0.0026348158296567448,0.01553428085417452,0.006815330450788304,-0.01517515419043547,0.0008734859931447403,-0.018036723572273927,-0.014034908441945992,0.0070714002760889905,0.0012117874518382532
2026-07-17,0.0052629782652529045,-0.007123696150225678,-0.00636906148480787,0.015775128114135173,0.0010992665512428168,-0.019891641156779993,-0.05065498359607956,0.005599607719958932,0.0012117874518382532
2026-07-24,-0.023294343552158647,-0.012347456782485278,-0.022345698405865533,-0.014268549375453077,0.0011216195237042648,0.01830903126193628,0.049151753240395335,-0.03219527385263865,0.0012117874518382532
2026-07-31,0.025924127783090833,0.022383552742301527,0.018106787379322364,-0.06999848132847764,0.00118212399073081,-0.006784861563149058,-0.030238576231485625,2.276048813198983e-05,0.0012117874518382532
2026-08-07,0.007671171781301833,0.0036866538406150617,0.02436678670677428,0.07801952333057804,0.0013571690094995592,0.053710194541416234,0.09540004997534113,0.022068476974897555,0.0012117874518382532
2026-08-14,-0.008329058749828033,0.004845249614401581,-0.00423554517003355,0.01097302646371956,0.0011875345709548846,0.014019414150300946,0.027109335406211743,0.025675277836311405,0.0012117874518382532
2026-08-21,-0.004678650578675225,0.003263827306260625,0.007421079704481803,-0.006283813287845108,0.0010250802719193874,0.04946863427371895,0.07306192380139409,-0.03652150706851354,0.0012117874518382532
2026-08-28,-0.003148177856465484,0.00466973874537735,0.004436796936169607,-0.010317399054048382,0.0012297354946615435,-0.003579052653741699,-0.038610536784576155,0.002614232901166691,0.0012117874518382532
2026-09-04,-0.011497153846284358,-0.015106692968949842,-0.0007974632390249647,-0.007428898289327024,0.001693358430327363,-0.028123865211431842,-0.02422357650858864,0.00336215455971578,0.0012117874518382532
2026-09-11,-0.02090576188116955,-0.010922480727062145,-0.007656346218860022,0.025133128429021045,0.0009553028078119752,-0.016120118360305913,-0.010197159591625038,0.0008662264485119753,0.0012117874518382532
2026-09-18,-0.0022095477672591235,-0.0026129538546271203,-0.002862610967442114,-0.007511342429649681,0.0009128026118490062,0.010869569856916561,0.03214079647602208,0.004555082257128973,0.0012117874518382532
2026-09-25,-0.008819363464171559,-0.022859870173202568,-0.007026695826372054,-0.018829659654111874,0.000892171012157883,-0.016208119839881685,-0.031074070772788898,-0.00773120730379373,0.0012117874518382532
